id,provider,name,latitude,longitude,url,imageUrl
21962942-db00-4bd2-b5fc-3dda13a61b49,Lidl,,,,,
a29a43c6-b9ec-4873-b2c4-2861f09dc1c9,Biedronka,,,,,
bd3c661b-0984-453d-9473-dc738c79c0bf,Spar,,,,,
d78b8214-19ec-4a98-97c4-0b9cfbf341a0,Kaufland,,,,,
003146fa-a8e7-4c3f-8cec-fe342da8b979,Renee,,,,/sklepy/renee/gazetka,""
003620c6-c79c-46f0-b71e-6ebf7f20246b,Quiosque,,,,/sklepy/quiosque/gazetka,""
0040c457-4d91-4434-87e2-1443d4ddd1c4,Briju,,,,/sklepy/briju/gazetka,""
005b55de-14d2-4385-bea6-9b2797b553f1,4F,,,,/sklepy/4f/gazetka,""
00ee414b-b847-4c95-bd0b-462ed3779015,"Organic Farma Zdrowia",,,,/sklepy/organic-farma-zdrowia/gazetka,""
00f5f103-28aa-422b-ac3f-2c9a0136bc40,Wakacje.pl,,,,/sklepy/wakacje-pl/gazetka,""
018b61ac-84e8-4157-898f-8ff761617bb8,"Vero Moda",,,,/sklepy/vero-moda/gazetka,""
0223e0a5-3aa1-4c8c-8479-d73c0ef6daa1,Sembella,,,,/sklepy/sembella/gazetka,""
0239e4e1-58fc-4458-b10f-ea7f3c3b9560,"Alco Pone",,,,/sklepy/alco-pone/gazetka,""
023e00ae-c2d7-4152-8af1-bb138fe9901b,"New Look",,,,/sklepy/new-look/gazetka,""
02d79d44-febd-4435-9458-7a7f8708976b,"Malinka Market",,,,/sklepy/malinka-market/gazetka,""
030ad6a5-fd4d-400b-a146-43a77500c51e,"Muscle Clinic",,,,/sklepy/muscle-clinic/gazetka,""
03132064-6aeb-4cc4-9a46-35925f7f7443,player,,,,/sklepy/player/gazetka,""
031b2053-e96d-4247-bcd6-c12c3331f75b,Woolworth,,,,/sklepy/woolworth/gazetka,""
0342116b-5dfc-4ea4-9110-7f7918807296,Esotiq,,,,/sklepy/esotiq/gazetka,""
034c6002-6b3a-479f-8b94-367ce8550ca5,Eurofirany,,,,/sklepy/eurofirany/gazetka,""
0365b0f0-a4bc-4881-aa89-d97436afdebf,Muuto,,,,/sklepy/muuto/gazetka,""
044143c4-4e3e-4bc5-a9e5-7faf7bedea45,"Ecco Holiday",,,,/sklepy/ecco-holiday/gazetka,""
04779e0d-0e1c-4e5b-be9e-71282a0163c5,ZARA,,,,/sklepy/zara/gazetka,""
04801f00-6c64-4756-a310-7198bbcd5b28,Apia,,,,/sklepy/apia/gazetka,""
0483cdc6-7ba8-4bec-89df-6df7341193ce,Kontri.pl,,,,/sklepy/kontri-pl/gazetka,""
04b8f7af-b563-4ae8-bb7d-b12a93c1053d,GOE,,,,/sklepy/goe/gazetka,""
0501163c-ab83-4d0c-a6aa-8c9b32370715,AliExpress,,,,/sklepy/aliexpress/gazetka,""
051c67c9-8862-46f2-bcb5-02b4a557ebeb,ButSklep,,,,/sklepy/butsklep/gazetka,""
05264d59-4b3e-405d-96f8-de4a3c8eb240,"Alior Bank",,,,/sklepy/alior-bank/gazetka,""
0532af62-b71a-4282-a442-9b9dfc1e36bc,Faberlic,,,,/sklepy/faberlic/gazetka,""
054d9453-1324-4956-8622-46029095d538,"Koniaków",,,,/sklepy/koniakow/gazetka,""
056aa73d-db31-4906-9c12-00d8c43dddac,Empik,,,,/sklepy/empik/gazetka,""
05f7bcbe-7194-4137-90c4-5b77264d7f91,Shopee,,,,/sklepy/shopee/gazetka,""
060df47c-70e1-45b2-83e4-359751f6f76c,"Broń.pl",,,,/sklepy/broy-pl/gazetka,""
0681aab4-91a6-4b1b-9a3a-ebc69f34ae5e,Pol-Skone,,,,/sklepy/pol-skone/gazetka,""
06a7efa0-3b54-4ebf-b4df-81050761b4a1,Vitapol,,,,/sklepy/vitapol/gazetka,""
06c2da6a-fbcb-4a68-b124-d557f408357d,"MC Arthur",,,,/sklepy/mc-arthur/gazetka,""
070e85e8-57cd-45a2-bb51-0f9476b0035b,"Procter &amp; Gamble",,,,/sklepy/procter-gamble/gazetka,""
07304e51-6080-4e93-a5a7-60ce3fc44336,Ernestrust,,,,/sklepy/ernestrust/gazetka,""
0739b67f-5e1a-45b4-ad4f-ce5ea0fb2042,Born2be,,,,/sklepy/born2be/gazetka,""
074c889d-9cdc-4ecb-bb33-0c536e5657f5,"Centrum Warszawa WSG",,,,/sklepy/centrum-warszawa-wsg/gazetka,""
077bb827-4d3b-499c-bb32-591dcb986682,Mirabelka,,,,/sklepy/mirabelka/gazetka,""
0787aeee-fdae-44f5-81a2-f038edc64265,taniaksiazka.pl,,,,/sklepy/taniaksiazka-pl/gazetka,""
07a2d20e-219e-4b23-8aad-96eb9d9946fb,Muza,,,,/sklepy/muza/gazetka,""
07e82d32-bc82-4912-9e0e-f97a6e8d59ce,"Sweet Home",,,,/sklepy/sweet-home/gazetka,""
084c2640-c54d-41cf-9940-7fd7e5b4ce15,"CEWE fotoksiążka",,,,/sklepy/cewe-fotoksiyyka/gazetka,""
084ccf10-5f74-43b7-b082-6e719c873be9,Raszczyk,,,,/sklepy/raszczyk/gazetka,""
08756ea7-0ddb-4095-95c4-141eb3326b78,Answear,,,,/sklepy/answear/gazetka,""
09badb78-f86d-4270-9774-a028678d886d,Vegekoszyk.pl,,,,/sklepy/vegekoszyk-pl/gazetka,""
0a038ceb-e081-4bad-b6ad-d75666827561,Neo24.pl,,,,/sklepy/neo24-pl/gazetka,""
0a10d2fa-8a14-4897-9838-5dc2e279e654,Arhelan,,,,/sklepy/arhelan/gazetka,""
0a36d18c-d718-4fa1-b335-907b2bb42297,Pyszne.pl,,,,/sklepy/pyszne/gazetka,""
0af095d6-cefd-4206-bb24-743dec57949f,Betterland,,,,/sklepy/betterland/gazetka,""
0b60ad4a-499a-40e2-981f-715821e9099e,eobuwie,,,,/sklepy/eobuwie/gazetka,""
0b773678-c574-4e9c-a752-cd97813ff323,DHL,,,,/sklepy/dhl/gazetka,""
0b7ce75d-b89f-4072-8899-0c204c908364,Tikkurila,,,,/sklepy/tikkurila/gazetka,""
0bb1db56-eb77-45ea-9dfc-00c8740c0111,"Apteka Zdrowie",,,,/sklepy/apteka-zdrowie/gazetka,""
0bb23613-c682-491b-b735-e8f8ea235862,Chevrolet,,,,/sklepy/chevrolet/gazetka,""
0c36a790-e455-4fcf-ab4a-5b0701724e0c,BonPrix,,,,/sklepy/bonprix/gazetka,""
0c74d606-a886-4933-928b-227e391c6d75,"Sekret Urody",,,,/sklepy/sekret-urody/gazetka,""
0cd7cddb-ca17-4d74-b31f-ef8c21e67fb7,"Cukiernia Sabinka",,,,/sklepy/cukiernia-sabinka/gazetka,""
0ce0a514-3f5a-4a6d-85cc-8397d1259747,"Ruch SA",,,,/sklepy/ruch-sa/gazetka,""
0ce23aa9-f539-42cb-ab1b-2a717b6427fc,"Grey Wolf",,,,/sklepy/grey-wolf/gazetka,""
0d555dbe-4239-4fbe-812b-7c13ba2700a6,Bee,,,,/sklepy/bee/gazetka,""
0d61bb7f-d4f6-4762-aa1f-14e7101a2bb8,"Blue Stop",,,,/sklepy/blue-stop/gazetka,""
0de73fe9-0a14-4761-a3d1-a719d6219e2e,Monnari,,,,/sklepy/monnari/gazetka,""
0df9badd-8c75-4a84-b49c-e2bba5c8463a,Swatch,,,,/sklepy/swatch/gazetka,""
0ef82748-c64b-41de-923a-67f3bb222c6e,"Lee Cooper",,,,/sklepy/lee-cooper/gazetka,""
0f01318c-4b66-4f95-a90a-86df4e13ab09,Rabat,,,,/sklepy/rabat/gazetka,""
0f059fe6-880c-4b58-a3b5-8a761411f322,Notino,,,,/sklepy/notino/gazetka,""
0f23bbbe-0cac-4b0d-9514-f7e6d7c06853,Calypso,,,,/sklepy/calypso/gazetka,""
0f86e86e-2665-41c3-a6fe-80f486974607,Teletorium,,,,/sklepy/teletorium/gazetka,""
0f8adbe5-3203-4158-a341-cda285a22ea2,Themar,,,,/sklepy/themar/gazetka,""
101394f3-a0e8-41cc-853f-d04f855abd8f,Martensy.pl,,,,/sklepy/martensy-pl/gazetka,""
103ad832-81b8-4353-b5c1-86bbbabe5f7b,"Gandalf Travel",,,,/sklepy/gandalf-travel/gazetka,""
1085ee78-df4c-4ec0-a032-ab8a9e6e977d,"Go Sport",,,,/sklepy/go-sport/gazetka,""
10ce1f38-797f-45a8-a832-3afb1af6495e,Tesco,,,,/sklepy/tesco/gazetka,""
110aa6de-22df-477a-bfe0-b0aacfdcc1fb,Asaj,,,,/sklepy/asaj/gazetka,""
1140cbb9-d3d6-441f-8baf-546bbd6f62a2,Neonet,,,,/sklepy/neonet/gazetka,""
115036a1-59f4-410b-9ca5-eed17cdae331,Blu,,,,/sklepy/blu/gazetka,""
117fa638-653f-4b91-aff0-e0ff1aba7ff9,"Fabryka Formy",,,,/sklepy/fabryka-formy/gazetka,""
1192eeef-92b2-4e7a-810d-7bd6bc6eef03,Finish,,,,/sklepy/finish/gazetka,""
11b1e271-5ba0-4175-9148-1d7514279d0c,Oryginalnebuty.pl,,,,/sklepy/oryginalnebutypl/gazetka,""
11eb4769-4cad-4084-8409-a0e1b85ef74f,SPC,,,,/sklepy/spc/gazetka,""
1270546f-165e-4962-936c-657660928cb8,Meblik,,,,/sklepy/meblik/gazetka,""
12f38ff4-5d8e-4e41-a245-5281e5dddde6,"Trygon Sport",,,,/sklepy/trygon-sport/gazetka,""
130050ea-493a-4ad6-be2d-aea2051c2e3a,Motointegrator,,,,/sklepy/motointegrator/gazetka,""
130b970d-2883-4b2d-b078-4f28120c58b1,Aryton,,,,/sklepy/aryton/gazetka,""
13544eff-aa88-4f3c-bd58-d82103fdf2ee,"Świat Dziecka",,,,/sklepy/swiat-dziecka/gazetka,""
136f4ead-4634-4e6f-8f38-1b4ddb2090db,Spar,,,,/sklepy/spar/gazetka,""
13ed312d-4493-4d12-b073-e7606b45fa6c,2Skin,,,,/sklepy/2skin/gazetka,""
13f318c3-27fe-4535-937a-4535aa41a67e,"Pierre Cardin",,,,/sklepy/pierre-cardin/gazetka,""
14185c35-5d39-4df0-8302-b258d5e2f864,"Villa Italia",,,,/sklepy/villa-italia/gazetka,""
141ae7cf-d269-4a5b-8d17-6003a167a570,Sinsay,,,,/sklepy/sinsay/gazetka,""
14295b4a-d2db-4e76-bb24-da08a8a53f66,Intermarche,,,,/sklepy/intermarche/gazetka,""
149e1cb3-7799-4fbc-bda9-5489484cf880,E-rast,,,,/sklepy/e-rast/gazetka,""
14c3e0ab-70ac-476f-a95d-329a457fa6e3,WentylatorySklep.pl,,,,/sklepy/wentylatoryskleppl/gazetka,""
14dfb7de-c2ae-4bcc-96ee-4a7ff8ebe02a,House,,,,/sklepy/house/gazetka,""
151ff61d-4e17-49f2-ae91-e3a2fd9c6413,Zooplus,,,,/sklepy/zooplus/gazetka,""
15935490-36cf-4c88-8fe8-ca40e92b5e81,"La Vantil",,,,/sklepy/la-vantil/gazetka,""
16645b3f-b3a1-46dd-b82c-649c9c76c8e6,"M&amp;L Delikatesy",,,,/sklepy/m-l-delikatesy/gazetka,""
166e98b4-8d5a-47a8-8abf-0f51bdbf77ca,"Perfect Clean",,,,/sklepy/perfect-clean/gazetka,""
168e3395-457c-43b1-8ef3-7d41ef5372e7,EXTRA,,,,/sklepy/extra/gazetka,""
16a07b09-0b3c-4532-be2b-3b4c649dd4cd,"Paris Optique",,,,/sklepy/paris-optique/gazetka,""
16f05ff3-b18f-4d64-8856-7a385ae379a7,Naturhouse,,,,/sklepy/naturhouse/gazetka,""
170b2ad9-e773-41ee-9076-bc080df59014,Alsen,,,,/sklepy/alsen/gazetka,""
176a6b1d-760a-4f17-b0dd-79d5fce9103b,"Stokrotka Market",,,,/sklepy/stokrotka-market/gazetka,""
1772d8e8-04a4-472c-9125-8a7b721ccd39,YES,,,,/sklepy/yes/gazetka,""
180ccb0f-f4d3-4e4b-9a6c-5a6495ee257d,"Five o&#039;clock",,,,/sklepy/five-o-clock/gazetka,""
181f0a55-d25b-43f2-95aa-71af3ce9d372,BP,,,,/sklepy/bp/gazetka,""
182d898f-672b-488d-9f8c-088336759a0a,"Tradycja &amp; Jakość",,,,/sklepy/tradycja-jakosc/gazetka,""
1889b136-618d-4bc0-9b52-da0acdc9f571,"Centrum Dekoral",,,,/sklepy/centrum-dekoral/gazetka,""
18951903-15ba-465b-abe4-15ac43ca5379,Pah,,,,/sklepy/pah/gazetka,""
18a60f87-1c81-48fe-b85c-a10780b94f93,domodi,,,,/sklepy/domodi/gazetka,""
18aa6a1c-d25b-4bf1-a429-ee6e97497da0,Affglam,,,,/sklepy/affglam/gazetka,""
18b3b4ee-825e-4b0c-ab0b-2381c5abf5fe,"Zagłoba",,,,/sklepy/zagyoba/gazetka,""
191e8d94-56db-488a-892e-468e2ab15a57,"Delikatesy Kocyk",,,,/sklepy/delikatesy-kocyk/gazetka,""
199153af-d920-46a4-841d-41a005c938eb,"Patio Color",,,,/sklepy/patio-color/gazetka,""
19ceafe4-d32b-4f92-83f9-011da9164c45,Duka,,,,/sklepy/duka/gazetka,""
19d2a155-0ea9-4fee-9df1-9430d4c7e89f,"Costa Coffee",,,,/sklepy/costa-coffee/gazetka,""
19db0cca-4153-4abf-ac53-33f29d9818c5,Aligoo.pl,,,,/sklepy/aligoo-pl/gazetka,""
1a33a9bc-2dc5-4006-8242-6cd33e1b9855,CCC,,,,/sklepy/ccc/gazetka,""
1a34bcf0-4be5-4e0a-bb1d-a31e9e958611,Telepizza,,,,/sklepy/telepizza/gazetka,""
1a3bbc23-d680-45f1-8e7e-1ce1c16049d3,Jubiler,,,,/sklepy/jubiler/gazetka,""
1b0f2b78-efa8-4844-bf15-8a1e5d62a499,Rad-Pol,,,,/sklepy/rad-pol/gazetka,""
1b2b7532-2a37-4ec1-a62b-140b34363247,Intimissimi,,,,/sklepy/intimissimi/gazetka,""
1bf607c6-321f-4d49-968b-bc3a13eac3b0,"Dr Martens",,,,/sklepy/dr-martens/gazetka,""
1c134bd1-3fec-41d6-aa79-a8bf45fa6b11,Kernau,,,,/sklepy/kernau/gazetka,""
1c3729b6-0392-4fc6-917b-4cce8fa39e13,HalfPrice,,,,/sklepy/halfprice/gazetka,""
1c4a66f5-08d0-4472-b058-c7e261b636e0,Fotojoker,,,,/sklepy/fotojoker/gazetka,""
1c5ce993-2ec3-4707-bd90-93dbbe26bfc9,McDonald&#039;s,,,,/sklepy/mcdonald-s/gazetka,""
1c80e2d5-7feb-4405-8ccd-aa1e89d3c1af,Kross,,,,/sklepy/kross/gazetka,""
1cf4fc7d-32e7-4f57-a73b-5b22c86b2536,Medicine,,,,/sklepy/medicine/gazetka,""
1e4ddd98-ab7d-453c-953e-bae4aa4c4cec,Kempa,,,,/sklepy/kempa/gazetka,""
1e6834dc-7aed-4994-a957-703279dcfccd,Vipera,,,,/sklepy/vipera/gazetka,""
1eb34a96-32fc-494c-b834-f8795a562ac1,Sanpol,,,,/sklepy/sanpol/gazetka,""
1ebaa333-10a0-466d-80e3-d339d1dcfd91,Dante,,,,/sklepy/dante/gazetka,""
1f13e466-d908-4a8c-9653-f1c39ddc19ff,Yups!,,,,/sklepy/yups/gazetka,""
1f379171-8596-4023-aa32-c45dc7593b46,Kompas,,,,/sklepy/kompas/gazetka,""
1f538b71-96a6-40ba-9b25-6a3a090f38c3,Paradopary,,,,/sklepy/paradopary/gazetka,""
1f5ea858-7764-4f4b-8b42-1f8e81bd824e,iDream,,,,/sklepy/idream/gazetka,""
1f659732-3795-4b17-9075-e2427421ac24,Puma,,,,/sklepy/puma/gazetka,""
1fde06b0-69fe-4f8a-8864-2d23db95aac8,Camaieu,,,,/sklepy/camaieu/gazetka,""
202088a3-36c0-42a7-98ce-8558ef6f0629,Nikon,,,,/sklepy/nikon/gazetka,""
2058d5b4-3933-4905-bd2e-06fa5561bb00,MP3store,,,,/sklepy/mp3store/gazetka,""
20922b7d-2282-4bad-b347-d755f3903677,"Reserved HOME",,,,/sklepy/reserved-home/gazetka,""
20956e7d-f81e-49f5-9c87-1bcaeda36908,"Żabka",,,,/sklepy/zabka/gazetka,""
20cf8d23-7839-4502-894e-936b5c7cba51,"Big Bra",,,,/sklepy/big-bra/gazetka,""
21284586-4f06-45f8-adb8-03dd2cc50b64,Auchan,,,,/sklepy/auchan/gazetka,""
215b73ec-7062-4b66-a62d-a888469de23e,Biedronka,,,,/sklepy/biedronka/gazetka,""
215fddd9-a44c-4346-ab8b-2ec355fe9d53,Inglot,,,,/sklepy/inglot/gazetka,""
21aadf4b-c2a9-48ea-99cc-1dd339e97935,"Meritum Bank",,,,/sklepy/meritum-bank/gazetka,""
21f526b4-6ed6-4fb0-a8f7-d105f8689736,Zabawki.pl,,,,/sklepy/zabawki-pl/gazetka,""
22591dcc-90ec-428b-b38c-3f450cf5f24e,"Domino&#039;s Pizza",,,,/sklepy/pizza-dominos/gazetka,""
227add73-adf5-487e-a3fc-70c1bac791a7,C&amp;A,,,,/sklepy/c-a/gazetka,""
2343447e-d911-4d8b-b4c2-f1805c7f56fb,Darbut,,,,/sklepy/darbut/gazetka,""
23c86dc2-9a02-40e2-9dce-5369511049ca,Kemer,,,,/sklepy/kemer/gazetka,""
24141516-f084-4e7c-9c57-7dcd69c6f3b7,"Akpol Baby",,,,/sklepy/akpol-baby/gazetka,""
244092bb-800b-4efb-9b5f-b46389946ec9,"Cymes Piekarnia",,,,/sklepy/cymes-piekarnia/gazetka,""
24781f39-e961-459b-9041-175b9a208865,Matras,,,,/sklepy/matras/gazetka,""
2509b264-75ba-4a5d-a7ac-3084eceb53f0,Swiss,,,,/sklepy/swiss/gazetka,""
254d0401-e308-4aac-a223-8bfe237e4a17,"Van Graaf",,,,/sklepy/van-graaf/gazetka,""
25a7a9c1-c11f-43ec-bc78-6bc80a276a04,Verdissimi,,,,/sklepy/verdissimi/gazetka,""
25ba167e-c2a9-442b-86a6-2693d56bd8ce,Evega,,,,/sklepy/evega/gazetka,""
265b16ad-b673-43e0-8973-831864585e08,"Holiday Experts",,,,/sklepy/holiday-experts/gazetka,""
267b7ad0-0f6f-4ab0-af45-5b7ab5727ea8,Magma,,,,/sklepy/magma/gazetka,""
26966314-dbd3-438c-a7c5-02351b83101b,"Cardio Bunny",,,,/sklepy/cardio-bunny/gazetka,""
26a08b73-2a33-4bc9-adae-bf36a49fd917,"Biuro Plus",,,,/sklepy/biuro-plus/gazetka,""
26eba7bb-22ec-46b2-91f6-3a79b0d141f6,"Sklep Rowerowy",,,,/sklepy/sklep-rowerowy/gazetka,""
27044dc5-23dd-4161-b42b-830418d07e83,Tiffi,,,,/sklepy/tiffi/gazetka,""
275a49c5-c2b0-4f78-bb40-41a62e9d8bc3,MandMDirect,,,,/sklepy/mandmdirect/gazetka,""
279928a0-8ae9-44b0-96fa-df31debeb902,"Simply Market",,,,/sklepy/simply-market/gazetka,""
27cdfb8d-52c0-4500-a9d8-3bf2d16def41,Hebe,,,,/sklepy/hebe/gazetka,""
27d50af1-74b5-459c-95ef-3dd54b2c8f39,Dajar,,,,/sklepy/dajar/gazetka,""
27f707f2-3be6-47f2-8163-d7c42d5e87ea,Hipper.pl,,,,/sklepy/hipper-pl/gazetka,""
280e0a0a-a931-4da2-81bb-2f199feff2bb,Kinderkraft,,,,/sklepy/kinderkraft/gazetka,""
287dca99-ab06-4353-bdd6-ae083fc25cc3,"Wyspa Szkrabów",,,,/sklepy/wyspa-szkrabow/gazetka,""
28eb1e57-7282-4493-ac60-de5e18c00b56,"Sklep Agnex",,,,/sklepy/sklep-agnex/gazetka,""
290c0d2a-67a6-4edd-b4e7-9af8576e9668,Passa,,,,/sklepy/passa/gazetka,""
290d9566-7056-46e7-bed6-e059d01c8a46,"Ziko Apteka",,,,/sklepy/ziko-apteka/gazetka,""
2933f907-e9a4-4fc1-8f9d-571c53c588c5,"Słoneczko",,,,/sklepy/syoneczko/gazetka,""
29736029-ee04-48ca-8108-e27d49c284fd,Chorten,,,,/sklepy/chorten/gazetka,""
29c17211-b77b-4b86-b53d-9ee63a89cd77,"New Yorker",,,,/sklepy/new-yorker/gazetka,""
29ede7d8-f2fa-4b69-b782-828e7d7bf16f,"VIP COLLECTION",,,,/sklepy/vip-collection/gazetka,""
2a0999e0-b3e6-49c7-99ab-4e1ad5778437,Superkoszyk.pl,,,,/sklepy/superkoszyk-pl/gazetka,""
2a2d75f7-ac97-4dbe-af31-288e94ccf9f7,"Eurocash Cash &amp; Carry",,,,/sklepy/eurocash-cash-and-carry/gazetka,""
2a2db4c2-7bc6-467a-b5aa-08d630f730d5,Kler,,,,/sklepy/kler/gazetka,""
2a31e1ea-38bd-4269-a459-44e61221a20c,Frac,,,,/sklepy/frac/gazetka,""
2a52b850-7861-45d6-a9a5-284d09060a0f,"United Chicken",,,,/sklepy/united-chicken/gazetka,""
2a5381ba-5865-4ef2-a9d7-70a02ddff32d,"Jesteś Modna",,,,/sklepy/jestey-modna/gazetka,""
2a673684-0236-43e0-a6e6-b9136c74f4d9,Venezia,,,,/sklepy/venezia/gazetka,""
2a8c85a1-234d-40b2-aa99-4a1126f994fd,"Delikatesy Organic",,,,/sklepy/delikatesy-organic/gazetka,""
2ad08ba8-2237-4347-8ff9-bcf125b9ba21,JYSK,,,,/sklepy/jysk/gazetka,""
2ad2a1f0-e7f2-47e3-9ef8-9ee4168a9874,Vichy,,,,/sklepy/vichy/gazetka,""
2ae18bed-202a-4c09-841d-337e8bf10b19,"Lynx Optique",,,,/sklepy/lynx-optique/gazetka,""
2b1b27a1-72ed-47c8-bfe4-961ce4af97ff,"Solo Pizza",,,,/sklepy/solo-pizza/gazetka,""
2b481c15-1079-4756-bd09-8ef386ab00be,Claire&#039;s,,,,/sklepy/claire-s/gazetka,""
2b681f89-e753-4ec4-8405-e5ac983de28f,"Lupo Line",,,,/sklepy/lupo-line/gazetka,""
2ba5fa64-c9d9-44db-83db-a6e90c7b9653,"Prim Market",,,,/sklepy/prim-market/gazetka,""
2bd9aa64-5189-4498-af75-8bd128614955,"Galeria Krakowska",,,,/sklepy/galeria-krakowska/gazetka,""
2c169ce2-64c3-4d34-925c-bbfcf6af6f43,Peugeot,,,,/sklepy/peugeot/gazetka,""
2c19da79-184b-462b-bb30-7b6503f7f252,Agito,,,,/sklepy/agito/gazetka,""
2c3bd8f9-4923-4787-ad27-54eb612037e2,Kazar,,,,/sklepy/kazar/gazetka,""
2cabd1b6-f5d1-4eb5-aca9-4f834b93e7c8,Majster,,,,/sklepy/majster/gazetka,""
2d5de6fb-9a95-4314-af54-d1e7d4ba80f3,Digel,,,,/sklepy/digel/gazetka,""
2d7e38b4-7261-4942-bd06-d207e4895627,Pantofelek24.pl,,,,/sklepy/pantofelek24-pl/gazetka,""
2d7ead97-b189-435e-974f-3a6bbdfaa022,Gama,,,,/sklepy/gama/gazetka,""
2daa2eae-acd2-4c0d-8662-379a4937a2c9,Modivo,,,,/sklepy/modivo/gazetka,""
2df7f65e-f6ce-40ce-a9e6-9ab8b61f6f70,InterPack,,,,/sklepy/interpack/gazetka,""
2ea9cd3d-896d-4964-9b78-a289ce0857e1,HiMountain,,,,/sklepy/himountain/gazetka,""
2ed05dbb-0635-4379-97cb-25563065be5d,Bagietka,,,,/sklepy/bagietka/gazetka,""
2ee8bd32-10aa-4ec1-bff4-2956b9a3b2c2,"The Body Shop",,,,/sklepy/body-shop/gazetka,""
2eea7f20-338b-4e45-8736-e2fe89d97209,Pioneer,,,,/sklepy/pioneer/gazetka,""
2ef1f7da-5e2e-47a5-a4ee-dec3b39e6aaa,"El Maro",,,,/sklepy/el-maro/gazetka,""
2ef50446-0988-4093-adfb-211cb442fa24,Profiauto,,,,/sklepy/profiauto/gazetka,""
2f636825-c3c3-43fc-9aa1-4e050cffef16,Bebecar,,,,/sklepy/bebecar/gazetka,""
2fe0e4ff-ce74-4e00-994f-424b02c78e7e,Rast,,,,/sklepy/rast/gazetka,""
2ff9bbef-098c-4e55-9e59-21990d65154e,E-sporting.pl,,,,/sklepy/e-sporting-pl/gazetka,""
302eabc5-cf7a-4b2e-862e-360488469aa3,"Drogerie Arnika",,,,/sklepy/drogerie-arnika/gazetka,""
307a23cc-2c34-4599-9b22-cd5024325717,"Koszyk Hydraulika",,,,/sklepy/koszyk-hydraulika/gazetka,""
30a368a7-c2f3-4fde-bb8c-cc88e0e1a685,Enterair,,,,/sklepy/enterair/gazetka,""
312f21b0-a3fa-480e-a0ac-f829bb69153b,Nexterio,,,,/sklepy/nexterio/gazetka,""
314f51a2-0218-4ddb-979f-97aaefb1c775,l&#039;occitane,,,,/sklepy/l-occitane/gazetka,""
316e3e29-7efd-4d1b-9eb4-c2d230cd2f9b,Neopunkt,,,,/sklepy/neopunkt/gazetka,""
31f7b158-99f0-488a-95ca-ecb466748e6b,Podwawelska,,,,/sklepy/podwawelska-spoydzielnia-spoyywcow/gazetka,""
32585bb6-f0e8-439d-b31f-4fbbadeae42c,"Fun Club",,,,/sklepy/fun-club/gazetka,""
325b9d62-d9c4-493e-91a6-3e9baf5bb632,Famero,,,,/sklepy/famero/gazetka,""
32eeb0d5-16ff-4143-8d93-999b70d64504,Gorsenia,,,,/sklepy/gorsenia/gazetka,""
3305e3c2-0893-438e-94ea-2baab137a2d4,Primark,,,,/sklepy/primark/gazetka,""
330b5ea1-7ac7-4440-b0e7-680ab3e62cb1,"Nasze sklepy",,,,/sklepy/nasze-sklepy/gazetka,""
332a6e74-7ec2-4700-8dac-94ffcc09c113,"Taste Store Befsztyk",,,,/sklepy/taste-store-befsztyk/gazetka,""
334de961-0aee-40d2-b982-5cf1579b7a08,Wawel,,,,/sklepy/wawel/gazetka,""
339f7006-47b7-422e-bf6a-0c61b0470dad,Dantex,,,,/sklepy/dantex/gazetka,""
33c10207-a560-4c2e-a1a9-7eefaee8a8c0,"Gruby Benek",,,,/sklepy/gruby-benek/gazetka,""
33fd5a88-4a6b-49b1-9c17-76b0d78c9ab9,"The Body Shop",,,,/sklepy/the-body-shop/gazetka,""
34f04012-ca4c-4d12-827c-056e3c43653e,4home,,,,/sklepy/4home/gazetka,""
35121d20-cad2-4a4a-a899-423003dc8dd2,Wizan,,,,/sklepy/wizan/gazetka,""
35af84bf-36ec-482c-889c-f136e3f4ed9a,Eden,,,,/sklepy/eden/gazetka,""
35b5fbea-733e-4e7f-8373-7d95ff6f0cbe,"Bio Family",,,,/sklepy/bio-family/gazetka,""
35c3687a-73e4-40d9-8815-5d88e4dd2aa1,Tolpa,,,,/sklepy/tolpa/gazetka,""
35c86400-0539-4291-b18b-418d1aa22443,Salomon,,,,/sklepy/salomon/gazetka,""
3632cd88-94ce-42d4-aff4-61f023935ad4,Hyundai,,,,/sklepy/hyundai/gazetka,""
365e35d1-165f-4b48-a739-373020b2fb15,Semilac,,,,/sklepy/semilac/gazetka,""
366ff9cd-46c2-4e7b-b271-ebd4e7506997,OBI,,,,/sklepy/obi/gazetka,""
367ea435-f52a-4c46-8046-677a8eda056c,Nexto,,,,/sklepy/nexto/gazetka,""
3699b894-18f3-472f-b01b-499f7631b585,InMedio,,,,/sklepy/inmedio/gazetka,""
36a20541-69bb-412a-a5cb-bdaf0e7ded86,"RTV EURO AGD",,,,/sklepy/rtv-euro-agd/gazetka,""
36f8c400-7912-4986-8e34-4de6f7dda3e3,Play,,,,/sklepy/play/gazetka,""
370f25c7-f608-4d86-8d31-75f51b9a79e7,Refan,,,,/sklepy/refan/gazetka,""
37461312-36c5-4f10-a0b5-f83550db1d71,Semco,,,,/sklepy/semco/gazetka,""
375306e7-3d70-4745-a35a-bd8167830d90,"Cukiernia Magda",,,,/sklepy/cukiernia-magda/gazetka,""
379a7840-a8fb-45ec-880d-3d40a244865f,"Rebel Electro",,,,/sklepy/rebel-electro/gazetka,""
37a97b56-47a1-4640-8fe6-b2f58ad080cc,Komputronik,,,,/sklepy/komputronik/gazetka,""
37adb882-46b3-44af-8650-05504bc42b47,Lovela,,,,/sklepy/lovela/gazetka,""
37e45ba9-4cc6-4126-ad60-51c3baf99205,Misterna.pl,,,,/sklepy/misterna-pl/gazetka,""
38237d9e-e7c2-46ad-ab42-6cb58ea41b18,"Yves Rocher",,,,/sklepy/yves-rocher/gazetka,""
38274cc3-3077-404b-8080-2a690273daf6,Nela,,,,/sklepy/nela/gazetka,""
38653edb-60b0-4190-892f-a5dc25812017,Pakamera.pl,,,,/sklepy/pakamera-pl/gazetka,""
38af6835-ce99-493d-98c4-0886e3f37fad,"Drogerie Laboo",,,,/sklepy/drogerie-laboo/gazetka,""
39329fe2-66c3-426e-8968-479200f1f80a,Trafika,,,,/sklepy/trafika/gazetka,""
3945d9dc-29e7-4bae-a72b-93a6ac6089b1,"Gawin Meble",,,,/sklepy/gawin-meble/gazetka,""
39769120-de0d-49b4-893f-af329dc9a000,Morganti,,,,/sklepy/morganti/gazetka,""
39bed878-f168-4c4b-9492-cc888a144d70,Prymus-AGD,,,,/sklepy/prymus-agd/gazetka,""
39fca3e7-15cf-4e9f-917f-b4aeccb7d64d,Pimkie,,,,/sklepy/pimkie/gazetka,""
3a18cf14-bad8-4f5c-8b0b-294662c7806d,"Foto Plus",,,,/sklepy/foto-plus/gazetka,""
3a7486a6-3a11-4521-9ce4-24b0236b7822,"Westfield Arkadia",,,,/sklepy/westfield-arkadia/gazetka,""
3a875ced-a923-4021-9356-8487ba1cdc7f,"Spiżarnia Smakosza",,,,/sklepy/spizarnia-smakosza/gazetka,""
3aa024e0-30d0-4327-9a4c-1bc898bb86fc,Esprit,,,,/sklepy/esprit/gazetka,""
3ab4aab5-48ff-4932-bae5-682afc11b762,Pelcowizna,,,,/sklepy/pelcowizna/gazetka,""
3ae77483-f93e-4e11-8729-5bea5a3f0ebb,Umbro,,,,/sklepy/umbro/gazetka,""
3af825e3-850b-4056-b36d-e852b715e153,Babyland,,,,/sklepy/babyland/gazetka,""
3b09121d-f2b1-407f-aab6-a9028237d203,MEXX,,,,/sklepy/mexx/gazetka,""
3b710e11-966c-4ad7-8845-5c55f7dfacc1,BetterStyle,,,,/sklepy/betterstyle/gazetka,""
3b73943c-7b7e-4e4a-8042-87950e300ece,Regatta,,,,/sklepy/regatta/gazetka,""
3b81af4c-cd82-4376-890c-ada78c99a835,"Kärcher",,,,/sklepy/karcher/gazetka,""
3b97969a-96e8-4c73-a780-fb67787e7fa3,Renault,,,,/sklepy/renault/gazetka,""
3bce77cc-afbb-41a4-8460-52c7dc062f92,"Szuz Szop",,,,/sklepy/szuz-szop/gazetka,""
3bd930bd-bd72-4330-8d1c-672ba4b948eb,"Premium Nasz Sklep",,,,/sklepy/premium-nasz-sklep/gazetka,""
3be3c7e6-5dac-4d7b-93cc-cee3f442f751,"Happy Mum",,,,/sklepy/happy-mum/gazetka,""
3bf2ae64-e384-459b-ba47-9378457a9364,"Uterqüe",,,,/sklepy/uterque/gazetka,""
3c01d7be-6576-4725-89c7-0e22a5f64035,Warta,,,,/sklepy/warta/gazetka,""
3c83358b-fb07-45b9-9bc9-fa4c61062596,Biel,,,,/sklepy/biel/gazetka,""
3c9d42a7-da91-44d7-8567-46bfc6964243,"Grupa MPT",,,,/sklepy/grupa-mpt/gazetka,""
3ca2b1bc-5234-4ae2-98ac-e3e0284e46e4,Trussardi,,,,/sklepy/trussardi/gazetka,""
3ca39b30-bc95-4d4c-bbe0-df60c2fd11de,MSport,,,,/sklepy/msport/gazetka,""
3d12945c-ca89-4990-a786-54a2dae91b2c,Clarks,,,,/sklepy/clarks/gazetka,""
3d22a321-b2e2-4711-a945-280345a47af0,Olissima,,,,/sklepy/olissima/gazetka,""
3d851087-15d3-4b96-9136-7baa42d9f469,5aSec,,,,/sklepy/5asec/gazetka,""
3d855734-89e3-4d97-a746-8df8d689f90a,"Prima Moda",,,,/sklepy/prima-moda/gazetka,""
3d952247-ef4b-4a99-99a4-ee3fc82e6ac7,"Sklepy S",,,,/sklepy/sklepy-s/gazetka,""
3ddc1710-edc3-4528-b044-3df508c8891e,E-lady,,,,/sklepy/e-lady/gazetka,""
3e11f001-e58f-465b-bcea-de7ca2b976e5,Helfy,,,,/sklepy/helfy/gazetka,""
3e3037c1-20f3-413a-a82e-4e9a4913cf8c,"Vida XL",,,,/sklepy/vida-xl/gazetka,""
3e3f68ca-2306-433e-86f7-ec04cf7b1d09,"Piotr i Paweł",,,,/sklepy/piotr-i-pawey/gazetka,""
3e53237a-e1ff-41ac-b3de-ee769e0d5443,Dafi,,,,/sklepy/dafi/gazetka,""
3e8e663a-4526-4ea0-818c-78209c524a3d,Avis,,,,/sklepy/avis/gazetka,""
3f49abc7-4c59-4e7a-b8db-f15122d9bc5e,Elf,,,,/sklepy/elf/gazetka,""
3f4ae699-bc2d-462c-a9bd-d19d8c1c228e,BMW,,,,/sklepy/bmw/gazetka,""
3f5d61a6-8cd0-42be-a77e-3bc105c88932,Aldo,,,,/sklepy/aldo/gazetka,""
3fe71e10-a59d-46fe-9a97-30e6d3a9c97a,"Hurtownia Spożywcza",,,,/sklepy/hurtownia-spozywcza/gazetka,""
3fe7c8d2-5298-485c-944a-dd5ddefd2129,HAY,,,,/sklepy/hay/gazetka,""
4005cc0b-5774-42ed-b992-146065708d75,Kia,,,,/sklepy/kia/gazetka,""
400b204a-32af-44f1-9e38-f587af3c4110,Unisono,,,,/sklepy/unisono/gazetka,""
40358f66-1e20-49ee-bf29-e8ac211142e4,"My Center",,,,/sklepy/my-center/gazetka,""
40612b94-4370-47d4-b8ae-db398adab10c,Sandwich_,,,,/sklepy/sandwich_/gazetka,""
40801ea5-ef42-4060-b76d-205220778812,Kubenz,,,,/sklepy/kubenz/gazetka,""
40b7a2c4-58ae-49e8-9429-700dfd33592f,Nieprzeczytane,,,,/sklepy/nieprzeczytane/gazetka,""
41005c11-bb49-4819-8259-1548f123768e,Sarenza,,,,/sklepy/sarenza/gazetka,""
41bde827-ca91-4d41-b6ba-85c58763e1a6,DaWanda,,,,/sklepy/dawanda/gazetka,""
41c369e6-766a-4e54-8b5e-e4d773acebd6,"Snails Garden",,,,/sklepy/snails-garden/gazetka,""
41c9fbde-6d8d-4cb9-8d8a-74524004653e,Orzech,,,,/sklepy/orzech/gazetka,""
41dd842b-7c8d-4eaa-a87f-dc7c00bc286b,"Kultura i rozrywka",,,,/sklepy/kultura-i-rozrywka/gazetka,""
41ea8781-dca2-49bb-b05d-87d5549597c9,"Lidia Kalita",,,,/sklepy/lidia-kalita/gazetka,""
42447794-717e-45e9-8f9f-bc861dc61939,Vertus,,,,/sklepy/vertus/gazetka,""
424ab4e5-5732-4796-92ac-4915ee16fd91,Mall,,,,/sklepy/mall/gazetka,""
42c33947-6d75-4b56-af23-c7db90271677,Domeno,,,,/sklepy/domeno/gazetka,""
42c75b3f-eafd-433e-a23b-f928cbd1e021,Helios,,,,/sklepy/helios/gazetka,""
42f9d902-54cf-4f53-b080-39e0ec04854d,AGDom,,,,/sklepy/agdom/gazetka,""
432fcaec-6f79-4c07-91f7-c82aa2714a95,"JEAN LOUIS DAVID",,,,/sklepy/jean-louis-david/gazetka,""
437beb7a-54b8-426a-99fc-abd00aed2cc1,Gram,,,,/sklepy/gram/gazetka,""
43a09f8c-8c6c-443f-9887-dddf07847061,Szarotka,,,,/sklepy/szarotka/gazetka,""
43c08a10-6715-49cd-bce5-2f9d509cc0fe,"Butik Ecru",,,,/sklepy/butik-ecru/gazetka,""
43cdb15c-8149-43d5-89a9-f028cb3aa312,Halens,,,,/sklepy/halens/gazetka,""
43d7b158-c9f8-40b1-9e96-211461ac9584,Kontigo,,,,/sklepy/kontigo/gazetka,""
441a57a4-b9cb-44ee-9cb6-29b6898586d0,"Piekarnia Famililjna",,,,/sklepy/piekarnia-famililjna/gazetka,""
443ec68c-e6a8-4dc9-9e5f-dbcd20d796e1,Dealz,,,,/sklepy/dealz/gazetka,""
44404e2b-07b4-470a-815b-14e336a3664f,Orange,,,,/sklepy/orange/gazetka,""
44800a75-2386-4003-9681-6e8337d26c8b,SodaStream,,,,/sklepy/sodastream/gazetka,""
454a3182-d935-4acb-9353-e434b2419294,"Wyjątkowy Prezent",,,,/sklepy/wyjatkowy-prezent/gazetka,""
4558d998-47e7-4814-9995-7bd7976591ac,Foreo,,,,/sklepy/foreo/gazetka,""
45c3728d-a42c-4b1a-9ef4-39bf3facb627,Meindl,,,,/sklepy/meindl/gazetka,""
45d165aa-de12-4b34-bec3-447142f4e820,"Dr Irena Eris",,,,/sklepy/dr-irena-eris/gazetka,""
45d8c5de-f1ed-4bf9-951c-59e1eab67665,"API MARKET",,,,/sklepy/api-market/gazetka,""
45ec137d-1308-4166-a0d9-f18309dc7460,ECCO,,,,/sklepy/ecco/gazetka,""
45f7e977-c63b-4609-a2e9-650223aec165,Bialcon,,,,/sklepy/bialcon/gazetka,""
469096e7-389a-4d28-a1b7-c9ded9cc5f2e,"Sokół",,,,/sklepy/sokol/gazetka,""
46a6131d-e45a-4b61-9529-732cb1fac6ce,Znak.pl,,,,/sklepy/znak-pl/gazetka,""
471ecb16-862f-44d0-b74d-6a8e5d2673f5,Vobis,,,,/sklepy/vobis/gazetka,""
477e4a90-7fa5-4b0f-a8fc-32fb79b88766,Abo,,,,/sklepy/abo/gazetka,""
47b88000-7138-4389-8de5-716a6c74f203,"Ania Kruk",,,,/sklepy/ania-kruk/gazetka,""
48146dad-83d0-4a0a-87b7-269d8fb82171,"Super Sklep",,,,/sklepy/super-sklep/gazetka,""
4891f77d-58e0-4898-85f8-f02b864214e7,ADEKS,,,,/sklepy/adeks/gazetka,""
48d9655b-ef9b-4731-965b-7801119a582a,"Centrum Rowerowe",,,,/sklepy/centrum-rowerowe/gazetka,""
48e5b01e-e78b-4389-9b83-12842c6bee1c,Vinotti,,,,/sklepy/vinotti/gazetka,""
493cf75a-0cdd-4ad9-8d52-00acaf2f1c21,BeGlossy,,,,/sklepy/beglossy/gazetka,""
4944c10c-6400-4e88-8c0f-15189dda1154,Celio,,,,/sklepy/celio/gazetka,""
496a3915-0b2c-439a-bd31-10951b421ae1,"Drogeria Dr.Max",,,,/sklepy/dr-max/gazetka,""
498ebee8-9117-4e8b-b86e-29e0f1801e09,"HOS &amp; Me",,,,/sklepy/hos-me/gazetka,""
4a35f762-648a-4fc0-8f11-a59a55e3c4ec,Bartek,,,,/sklepy/bartek/gazetka,""
4a58d8b1-8ac7-4627-8c8e-49355a7b098d,Carry,,,,/sklepy/carry/gazetka,""
4a79349c-c346-4468-a17f-73655eedda34,"Społem Częstochowa",,,,/sklepy/spolem-czestochowa/gazetka,""
4a8acd58-770d-40f2-b2ec-17ad3269b481,Instalki,,,,/sklepy/instalki/gazetka,""
4b1893db-35b7-47ed-b0e1-895c091c8d28,"The Body Shop",,,,/sklepy/body-shop/gazetka,""
4b311051-a962-4f76-9b26-bd2be64419d7,NORD,,,,/sklepy/nord/gazetka,""
4b6097e2-1bf6-4963-bdad-37dc3d23a8b3,"Jaskółka",,,,/sklepy/jaskoyka/gazetka,""
4c1ff7e7-138a-4a30-aa44-d6439c915817,WILLSOOR,,,,/sklepy/willsoor/gazetka,""
4c3bb68e-c458-4149-a2e9-b5a3a4377e78,"Trekker Sport",,,,/sklepy/trekker-sport/gazetka,""
4c6bf09c-6347-4b3c-8f7c-06f42dbd3947,"Krople Urody",,,,/sklepy/krople-urody/gazetka,""
4c9f391a-e817-4c3e-9e9b-7f49f097fea9,"Agata Meble",,,,/sklepy/agata-meble/gazetka,""
4cb6e0bd-1a03-451e-9b2a-3579b6bfcf25,TUI,,,,/sklepy/tui/gazetka,""
4d47bb67-a0dc-4bc4-a5b7-a3d205a6afc8,"Świat Prasy",,,,/sklepy/ywiat-prasy/gazetka,""
4db2845f-6b87-4454-92cd-0c4a74a4412f,"Kraina Dziecka",,,,/sklepy/kraina-dziecka/gazetka,""
4dc4e7d6-d9cb-4699-8469-fecb42999861,Decobazaar,,,,/sklepy/decobazaar/gazetka,""
4dcc0cfb-ebcd-4123-a65d-b0ba2ea37f91,Skechers,,,,/sklepy/skechers/gazetka,""
4df9c557-4a17-4ab4-9dca-9f5e2af6ac62,"Drogeria Pigment",,,,/sklepy/drogeria-pigment/gazetka,""
4ea47a22-a77c-4bc1-9d8e-58c90e15142b,"Da Grasso",,,,/sklepy/da-grasso/gazetka,""
4efc6b45-3e76-4bf1-91cd-8afa870f1793,Suzuki,,,,/sklepy/suzuki/gazetka,""
4f12b102-b78e-46b3-9621-988e6b75fa42,City-Sport,,,,/sklepy/city-sport/gazetka,""
4f146acc-f37a-408e-8191-7d0992d8afba,"dm drogerie markt",,,,/sklepy/dm-drogerie-markt/gazetka,""
4f311259-21ca-422e-bc67-48d76abbfc4a,Recman,,,,/sklepy/recman/gazetka,""
4f7f1fa0-97c9-4db6-b465-f26fcb89eab6,YesSport,,,,/sklepy/yessport/gazetka,""
4f98c8e3-87be-40f2-ade0-79ccb025e153,"Klasyka Moda",,,,/sklepy/klasyka-moda/gazetka,""
4fe307b8-efbe-49b4-a780-d097b9ee1bac,Husqvarna,,,,/sklepy/husqvarna/gazetka,""
500af8cd-6a30-45ef-af17-8f8ecf8d0556,bi1,,,,/sklepy/bi1/gazetka,""
501b34e0-cf60-4591-bc56-71fd39d985d8,Butik,,,,/sklepy/butik/gazetka,""
5035bcf4-ea0c-4b73-92d7-0cb68ea9bd95,"Pretty Girl",,,,/sklepy/pretty-girl/gazetka,""
50470643-e203-4831-b8e7-0f6f87b5a2b1,"Cukiernia Sowa",,,,/sklepy/cukiernia-sowa/gazetka,""
50899e2c-a846-43af-9f42-540db0c1e3fd,Bytom,,,,/sklepy/bytom/gazetka,""
50e0ccfc-1644-4607-9c09-52dabd0413c8,Bizuu,,,,/sklepy/bizuu/gazetka,""
51197f63-903f-4983-bc9b-e681915cd50a,Groszek,,,,/sklepy/groszek/gazetka,""
5179c828-4bde-49d9-bfae-ae2fcd2fd59f,Norimpex,,,,/sklepy/norimpex/gazetka,""
51dc8929-fd67-463f-9f9d-d153b8c249c3,Lancerto,,,,/sklepy/lancerto/gazetka,""
5236635c-0be5-48f4-a3fa-e488edec390f,Tous,,,,/sklepy/tous/gazetka,""
52411710-2fdb-439b-82ed-8727f119dffd,Crocs,,,,/sklepy/crocs/gazetka,""
52a6e532-265c-428d-b23a-a973aab58fce,UPC,,,,/sklepy/upc/gazetka,""
52deda99-bc83-4aee-925f-052db8f91b4c,"Społem",,,,/sklepy/spolem/gazetka,""
52eda88d-328d-40b0-816f-a86a2c70ff67,"Leroy Merlin",,,,/sklepy/leroy-merlin/gazetka,""
52f19e9d-756e-4876-a47c-a75ba3ba39fc,"Pszczółka",,,,/sklepy/pszczolka/gazetka,""
5345155f-8722-4a7c-830a-577e0a0ca5a0,"Akademia B&amp;K",,,,/sklepy/akademia-b-k/gazetka,""
534fd569-16fb-4f82-8e49-c2bd8f3fbd5a,Gutek,,,,/sklepy/gutek/gazetka,""
53839906-08bd-4469-8849-1c3c3cd8939c,"Świat Książki",,,,/sklepy/ywiat-ksiyyki/gazetka,""
53876cb0-003c-4cee-87f9-531865713086,"Mustang Jeans",,,,/sklepy/mustang-jeans/gazetka,""
53b26658-1ff7-47b9-a491-d88364dd1f8c,"Camel Active",,,,/sklepy/camel-active/gazetka,""
53f3113c-4672-4cf3-9c30-5dc8ccc80784,Agrocoop,,,,/sklepy/agrocoop/gazetka,""
5402a78d-1f4b-4c45-80d3-8bd53a34e7db,"Meble Mercus",,,,/sklepy/meble-mercus/gazetka,""
541cf83a-2619-484b-9abb-f1a694eaf9cb,Cortland,,,,/sklepy/cortland/gazetka,""
542b1422-efca-478e-9e2d-6b9581f3aaed,Krysiak,,,,/sklepy/krysiak/gazetka,""
544c13fb-a1bb-4bce-919b-b3828f802fc6,"Delikatesy Centrum",,,,/sklepy/delikatesy-centrum/gazetka,""
5459f591-a9bb-4360-8bed-1608ba18c117,Home&amp;You,,,,/sklepy/home-you/gazetka,""
547e38c4-8189-4ee3-87a3-1cff0c81a107,"WITEK HOME",,,,/sklepy/witek/gazetka,""
54b2c425-1b42-47d4-bc1b-fd06bae632f7,Volvo,,,,/sklepy/volvo/gazetka,""
54cd6904-5bab-41e7-ab6d-a458a2041157,"Rego Bis",,,,/sklepy/rego-bis/gazetka,""
54ff1b2f-47c9-4620-9150-5fd10cb3dc22,Cortefiel,,,,/sklepy/cortefiel/gazetka,""
55c5f1bf-0525-4137-ac4a-f59ab44bbd40,GAIA,,,,/sklepy/gaia/gazetka,""
55d46c55-0a18-4839-84b9-7c3234a2e2f0,"M&amp;P Alkohole Wina Cygara",,,,/sklepy/mandp-alkohole-wina-cygara/gazetka,""
5617fc17-f119-46b4-81de-d18a4d1cc672,Biesiadowo,,,,/sklepy/biesiadowo/gazetka,""
565e6812-723d-47da-80c0-d8464cadca18,LORD,,,,/sklepy/lord/gazetka,""
56774045-302e-4684-a5a1-3f390e46f7bc,"Stokrotka Express",,,,/sklepy/stokrotka-express/gazetka,""
568c437f-164b-4dd7-b4cd-0a1cae9c6709,"Wydawnictwo Znak",,,,/sklepy/wydawnictwo-znak/gazetka,""
56a4d503-0a24-4ba4-b2b7-4d3b2c9b830d,Arte,,,,/sklepy/arte/gazetka,""
56e2ddd3-f631-4409-82c7-8ce78021e443,Skalnik,,,,/sklepy/skalnik/gazetka,""
570c4896-8947-4eb0-a02e-448396204298,MAC,,,,/sklepy/mac/gazetka,""
5721a3c2-31f6-4d1f-9eaf-24f9fe4ad824,Annemone,,,,/sklepy/annemone/gazetka,""
574702f8-fe5c-4592-8857-7e77146335d1,Sporting,,,,/sklepy/sporting/gazetka,""
57877958-b645-49f9-9834-6ff34b9e6f43,Megasam24.pl,,,,/sklepy/megasam24/gazetka,""
579618b8-2193-403b-a845-c1cce9b5e306,"FM WORLD",,,,/sklepy/fm-world/gazetka,""
57b2b624-e62b-4933-9dc7-2a2319cc23da,ALDI,,,,/sklepy/aldi/gazetka,""
57f5dfbc-b5ed-4058-a236-9e377c14b8d4,Volcano,,,,/sklepy/volcano/gazetka,""
5822163c-7188-4b13-a18b-5fe4a78ce3f6,Grene,,,,/sklepy/grene/gazetka,""
58a58091-2044-434c-9007-66ab83660ed9,Lego,,,,/sklepy/lego/gazetka,""
58eab525-4de6-4e66-97ac-35251ff76287,Oriflame,,,,/sklepy/oriflame/gazetka,""
5906133d-1556-4bf0-ba46-1d13620c640b,Coccodrillo,,,,/sklepy/coccodrillo/gazetka,""
591e9b83-4f73-4f70-9cd6-8da16195073a,"Poczta Polska",,,,/sklepy/poczta-polska/gazetka,""
5923a1ec-f1a4-45ed-a717-3b96c68bd94d,Toyota,,,,/sklepy/toyota/gazetka,""
59521864-14fc-4941-bfd4-6b5cea8601c7,"Piekarnia Gwóźdź",,,,/sklepy/piekarnia-gwoydy/gazetka,""
5962e13a-416c-4b40-8aa4-a8aa5c925fbb,"Cezar Delikatesy",,,,/sklepy/cezar-delikatesy/gazetka,""
599876fb-6d2b-4870-b7d0-2b12c4440060,"Łazienkaplus.pl",,,,/sklepy/yazienkaplus-pl/gazetka,""
59bf8517-597a-4390-a0cb-25492994c3ea,"Plus Wakacje",,,,/sklepy/plus-wakacje/gazetka,""
5a0c2638-4538-4661-937c-ef866f226ff5,"Polska Grupa Supermarketów",,,,/sklepy/polska-grupa-supermarketow/gazetka,""
5a1f6e94-bdbe-4815-af19-f1cb4dfb1297,"Farby Jedynka",,,,/sklepy/farby-jedynka/gazetka,""
5b026f17-d5ae-4e20-becb-929a77a03cfd,Echo,,,,/sklepy/echo/gazetka,""
5b2bf28d-6bd4-42a0-9a37-29bde1750790,BoConcept,,,,/sklepy/boconcept/gazetka,""
5b3ce2e4-0a7d-4ef9-b940-b80e574c436b,Sezamek,,,,/sklepy/sezamek/gazetka,""
5b59255b-a8e3-4309-a846-0136504f2c5d,"Topaz Express",,,,/sklepy/topaz-express/gazetka,""
5b61cadf-9386-4add-a3a8-d35739ae6e85,Villeroy&amp;Boch,,,,/sklepy/villeroy-boch/gazetka,""
5b95ec8b-89e1-4df5-9b36-92387edfbe59,"Polski Koszyk",,,,/sklepy/polski-koszyk/gazetka,""
5b9c32ee-505a-4b75-b931-03184b8a26e4,Grycan,,,,/sklepy/grycan/gazetka,""
5bcdf7d4-d5e8-4e26-908e-8664b663b50e,"Świat Książki",,,,/sklepy/ywiat-ksiyyki/gazetka,""
5c181811-7ab8-4f2c-8f59-172b84fcf382,Bioway,,,,/sklepy/bioway/gazetka,""
5c181e1a-005e-48b3-ac49-c031f5c2dc4c,"United Colors of Benetton",,,,/sklepy/united-colors-of-benetton/gazetka,""
5c1ffbe8-d239-40f7-8031-5896f0a242c1,"Deni Cler",,,,/sklepy/deni-cler/gazetka,""
5c305bcd-559e-40fa-abec-0578bf3b596e,OYSHO,,,,/sklepy/oysho/gazetka,""
5c38b3a8-3852-46d4-96cc-39cb1446e67d,"Sklep Biegacza",,,,/sklepy/sklep-biegacza/gazetka,""
5d0cddff-75a3-4aa5-835a-1580f2aa1923,Apple,,,,/sklepy/apple/gazetka,""
5defa036-28ec-4136-9397-bd37ba3ecfa1,"Sklepy Laserowe",,,,/sklepy/sklepy-laserowe/gazetka,""
5e281dd1-03b4-44aa-a427-2cd6b5757757,Familia,,,,/sklepy/familia/gazetka,""
5e442696-52ee-454e-8afb-d219daaf41dd,Rosa,,,,/sklepy/rosa/gazetka,""
5e44ae73-b557-4b6b-9b33-6087ed947c5c,e-bielizna.pl,,,,/sklepy/e-bielizna-pl/gazetka,""
5e7034c0-f18f-4dc3-945d-07088bd21145,Medicover,,,,/sklepy/medicover/gazetka,""
5e73b52a-8cad-4cf6-becd-f080e8af0327,Key,,,,/sklepy/key/gazetka,""
5e7cdd58-7080-4490-a0d2-60d5026357f2,Organique,,,,/sklepy/organique/gazetka,""
5eb205a0-9b71-4b40-923a-b75d9f66aced,"Apteka Bliska",,,,/sklepy/apteka-bliska/gazetka,""
5f848a4b-fc22-4ea9-b8b9-476945e629a7,"Moby Dick",,,,/sklepy/moby-dick/gazetka,""
5f907484-aba1-43f4-a198-e25e936f63ab,Sonex,,,,/sklepy/sonex/gazetka,""
5f9e052a-9dc3-4d71-b0e6-e68d2bf58a3e,"Top Market PSS Zgoda",,,,/sklepy/top-market-pss-zgoda/gazetka,""
5fd8880a-a033-4f26-b42c-d6766c82cd71,Deante,,,,/sklepy/deante/gazetka,""
5fdbb5c7-8cb3-4e8e-8b9e-008b82245fe7,Deichmann,,,,/sklepy/deichmann/gazetka,""
607819d3-6ed4-4464-8e3a-7dba9393469f,Promod,,,,/sklepy/promod/gazetka,""
60aecbbb-96f3-4122-815b-4154c06fb5ae,Ryanair,,,,/sklepy/ryanair/gazetka,""
611f5f4a-5af4-4d7c-8cd4-894054e016fd,"Zoo Karina",,,,/sklepy/zoo-karina/gazetka,""
62ba464d-4f66-4753-a6dd-da7d1ffa614f,Vital,,,,/sklepy/vital/gazetka,""
62f43a6f-4694-488a-9214-3da47c5f553a,Papiernik,,,,/sklepy/papiernik/gazetka,""
6303d7ab-0274-4a91-bad1-dbbf912058f5,"EMMA market",,,,/sklepy/emma-market/gazetka,""
630a7726-f6d4-4291-8bbe-6c77ec5b571b,Harctur,,,,/sklepy/harctur/gazetka,""
6319f274-538e-4a98-a764-d3bdc3a3aec6,Kakto,,,,/sklepy/kakto/gazetka,""
637c4f14-6c93-43d6-8d7d-0526239b2981,"Galerie Alkoholi",,,,/sklepy/galerie-alkoholi/gazetka,""
63bc7f92-9974-433b-b241-48e85f826dfe,Fellowes,,,,/sklepy/fellowes/gazetka,""
63d58001-0b00-4015-af1b-25369e8f3955,"Podlaska Chata",,,,/sklepy/podlaska-chata/gazetka,""
63edf867-4ce3-4c81-90f0-bf1491524357,DPD,,,,/sklepy/dpd/gazetka,""
63f67ef7-12df-4f3d-9ae1-dec46300f2a1,Selmark,,,,/sklepy/selmark/gazetka,""
6409548c-c4d3-44ba-a622-ae93283235dc,Romet,,,,/sklepy/romet/gazetka,""
64620e91-ef92-4dff-88bc-a786313c61a7,Oskroba,,,,/sklepy/oskroba/gazetka,""
64b3807d-4e89-4ea6-8a0e-4b295a9b1991,Festus,,,,/sklepy/festus/gazetka,""
652af56b-f4cf-4cf5-987c-a7b45b28ba91,Hera,,,,/sklepy/hera/gazetka,""
65422787-e0eb-4e5e-a698-2874769c37c9,"Matrix Media",,,,/sklepy/matrix-media/gazetka,""
654e0ba4-f412-448f-9f59-9deb09f8bfa6,Tchibo,,,,/sklepy/tchibo/gazetka,""
65aab56b-8db6-4380-a083-a3686be1610f,Morele.net,,,,/sklepy/morele-net/gazetka,""
65c839b1-7d51-4567-a3a3-09ecae4442a9,Milo,,,,/sklepy/milo/gazetka,""
65dc75c5-a1a3-4c4c-b8f1-d3e180e04c30,"Foot Locker",,,,/sklepy/foot-locker/gazetka,""
6606c952-2772-4cdd-b5bd-b2c73fe3f0a6,"Lounge by Zalando",,,,/sklepy/lounge-by-zalando/gazetka,""
6673c4ce-d2d4-4509-a764-96017e93e0dd,Pampers,,,,/sklepy/pampers/gazetka,""
66aa9c2c-dc89-470f-8c58-b08277cb4a3e,"Jaśmin",,,,/sklepy/jaymin/gazetka,""
6780aec2-a625-46ff-a64e-68aa2cf51b1c,LivingRoom,,,,/sklepy/livingroom/gazetka,""
67829be5-1946-4157-b74d-efe87e46dc2e,Cyfrowe,,,,/sklepy/cyfrowe/gazetka,""
6790e346-4e27-4d34-9b04-bf20101aabae,Bokaro,,,,/sklepy/bokaro/gazetka,""
67cb063b-cf3d-4127-9554-d17ff58a23af,"Time Trend",,,,/sklepy/time-trend/gazetka,""
68868f3d-5b0f-4e61-98bc-021315ab1859,Delfin,,,,/sklepy/delfin/gazetka,""
68a4456c-d3b8-4fef-b6d4-9718295d49a1,"Meble Gust",,,,/sklepy/meble-gust/gazetka,""
68ef52a9-561d-49ac-881d-3c55558fdc81,"Vito Vergelis",,,,/sklepy/vito-vergelis/gazetka,""
68fc62f1-eec5-4042-bd23-1788f2db19da,"For Pro",,,,/sklepy/for-pro/gazetka,""
6902dc58-e070-42a6-bd65-0b7f36eb6752,"Piotruś Pan",,,,/sklepy/piotruy-pan/gazetka,""
6945bc6a-11b5-41f6-85bf-8d327f4f7ca2,Spartoo,,,,/sklepy/spartoo/gazetka,""
695c0695-fc40-4056-9c6b-4080d6c77209,"Aloha from deer",,,,/sklepy/aloha-from-deer/gazetka,""
69acc927-42f5-44f8-9c42-3ff05ed2b49b,DUO-TES,,,,/sklepy/duo-tes/gazetka,""
69c9e184-13c0-4248-bba6-a58ac7a67287,"Cross Jeans",,,,/sklepy/cross-jeans/gazetka,""
6a1ff38f-fa84-4e1f-87cf-a6ebbee0bdbe,"Drogerie Polskie",,,,/sklepy/drogerie-polskie/gazetka,""
6a67a7aa-febe-4492-9f2c-09fc73a75c6c,"AJ Produkty",,,,/sklepy/aj-produkty/gazetka,""
6abe95cd-6af3-4f65-91f0-af24508c98e0,Silcare,,,,/sklepy/silcare/gazetka,""
6b61c41d-7bbd-4078-90e8-00f58da8205e,Paluszek,,,,/sklepy/paluszek/gazetka,""
6bb967f2-23ab-4cb8-ba9b-df83b0bad7fc,AtlasForMen,,,,/sklepy/atlasformen/gazetka,""
6c06c4d8-e204-49b5-8695-c781170f1d79,"Chata Polska",,,,/sklepy/chata-polska/gazetka,""
6c269af9-0c9d-4a34-b2ab-177fa12a9fec,Lisiewski,,,,/sklepy/lisiewski/gazetka,""
6c59e117-c6b3-44ac-b8cd-000cd95ca456,"Hubertus Meble",,,,/sklepy/hubertus-meble/gazetka,""
6c7d2641-89f7-4ea6-9095-234cd4cf4a9d,"Krakowski Kredens",,,,/sklepy/krakowski-kredens/gazetka,""
6c85c0f6-f433-460d-812a-613f5a9038c0,Atlantic,,,,/sklepy/atlantic/gazetka,""
6d2da735-b775-4b12-89c9-6e287675befe,"Próchnik",,,,/sklepy/prochnik/gazetka,""
6d33e9ff-2c63-4d96-b977-af8332010498,"Papiernik by Empik",,,,/sklepy/papiernik-by-empik/gazetka,""
6d38eda9-70fe-4f95-9104-21bbc1c331a3,Globi,,,,/sklepy/globi/gazetka,""
6d85a01c-1357-4126-9c56-b9bda2e31d9b,DLH,,,,/sklepy/dlh/gazetka,""
6d990ee5-d2c6-4c78-a1f5-d63a71837b93,"Piekarnia-Cukiernia &quot;u Brzęczka&quot;",,,,/sklepy/piekarnia-cukiernia-u-brzeczka/gazetka,""
6dd6fa37-664f-403d-ba1e-0f171b9e3eb6,Junak,,,,/sklepy/junak/gazetka,""
6dd7a748-03d6-49f2-bf4a-21ab76e3a9c0,Moodo,,,,/sklepy/moodo/gazetka,""
6df3375e-3b94-4049-b586-cc9531d51d54,Greno,,,,/sklepy/greno/gazetka,""
6e0f417a-b750-4fd1-abf7-2d0a75052aba,"by Insomnia",,,,/sklepy/by-insomnia/gazetka,""
6e1081f1-a468-4ebf-8eb1-76b1243db45f,"eOffice Media",,,,/sklepy/eoffice-media/gazetka,""
6e18936d-9caa-407f-b056-f438be042a5c,"Tailor Store",,,,/sklepy/tailor-store/gazetka,""
6e394184-9d0b-4424-b1f9-42b312179ded,"Przyjazny sklep",,,,/sklepy/przyjazny-sklep/gazetka,""
6e642886-6ce3-48e0-b2e1-a96dcd78d6ca,"Tabak Polska",,,,/sklepy/tabak-polska/gazetka,""
6e693ebc-26a4-4728-a8ff-17722f76d623,Bartnik,,,,/sklepy/bartnik/gazetka,""
6f0ec349-b883-4d4d-b51c-2684265d3b9c,"Dbam o Zdrowie",,,,/sklepy/dbam-o-zdrowie/gazetka,""
6f733e56-8a3e-4473-b214-8937aef11ac0,Veneziana,,,,/sklepy/veneziana/gazetka,""
7002722d-b8e2-4a83-b378-cd993744aac0,Converse,,,,/sklepy/converse/gazetka,""
700c9cce-60f0-4759-b909-bf4f351dbcf6,"Li Parie",,,,/sklepy/li-parie/gazetka,""
703e8e58-59e6-441b-8158-ec659792e3e4,Konger,,,,/sklepy/konger/gazetka,""
70975921-e545-4349-9f8b-feb990481378,"Sony Centre",,,,/sklepy/sony-centre/gazetka,""
71137557-80f0-4f8e-aa65-671503a038ec,Verona,,,,/sklepy/verona/gazetka,""
712f4243-678f-49e1-80c0-6ee6953c936d,TravelPlanet,,,,/sklepy/travelplanet/gazetka,""
71d75414-ba4b-483b-80f7-5bf745871118,Conrad.pl,,,,/sklepy/conrad-pl/gazetka,""
71f68862-28d4-4865-b9f8-0ef2bb771656,Ubisoft,,,,/sklepy/ubisoft/gazetka,""
7207a8e8-0064-4c70-ae51-765fc5e96bfd,Mikomax,,,,/sklepy/mikomax/gazetka,""
720e0675-0e9e-414d-9f27-4401f00ee33c,Intymna,,,,/sklepy/intymna/gazetka,""
72971515-e313-422c-99ee-ce68fea45ab2,"Galeria Optyki Loox",,,,/sklepy/galeria-optyki-loox/gazetka,""
72cd7c73-e4d7-47cd-8176-94f4ed883245,Bricomarche,,,,/sklepy/bricomarche/gazetka,""
7336458e-0366-4763-a70e-5b58071e7a66,"Idea Bank",,,,/sklepy/idea-bank/gazetka,""
73619f2a-219c-47a5-a2ae-50068eb8233d,"Raven Fishing",,,,/sklepy/raven-fishing/gazetka,""
73715549-7d38-4725-a9f3-2283e8c87a25,"Apteka Cosmedica",,,,/sklepy/apteka-cosmedica/gazetka,""
7371a582-223d-4936-9b8a-edbb28e433dc,Adidas,,,,/sklepy/adidas/gazetka,""
737af2dc-657d-48a0-9ded-6401e4902f88,"Drogerie Natura",,,,/sklepy/drogerie-natura/gazetka,""
737b0e08-4d60-40e1-bc84-57a35e68dcbe,Peek&amp;Cloppenburg,,,,/sklepy/peek-cloppenburg/gazetka,""
7398172a-801c-4be6-af72-47a6c3c4f983,ZUHIP,,,,/sklepy/zuhip/gazetka,""
7416c8d9-b37e-4148-9056-a9ddfb616ad0,"Słoń Torbalski",,,,/sklepy/syoy-torbalski/gazetka,""
74190baf-40e0-4ec2-ac17-e30f2c113578,Pepco,,,,/sklepy/pepco/gazetka,""
74235062-e5cf-41ce-8c0b-94ba6076d92d,ALLANI,,,,/sklepy/allani/gazetka,""
7434909a-06ec-4624-8dfc-c7a629d3e7ac,"Glück",,,,/sklepy/gluck/gazetka,""
744420ec-4dd7-4105-b789-8d64b0b2412d,Malou,,,,/sklepy/malou/gazetka,""
74afcf9f-b8ab-46aa-9365-2cd6380e1802,Americanos,,,,/sklepy/americanos/gazetka,""
74b6f74c-e233-42d7-8b9c-93cfc0fa4e6b,Gorteks,,,,/sklepy/gorteks/gazetka,""
74ccdd36-af14-4a53-ad77-4b6e2768c969,Springfield,,,,/sklepy/springfield/gazetka,""
74f7e7e0-2ea3-4874-a860-1033afa0572c,Samsung,,,,/sklepy/samsung/gazetka,""
758d834f-428c-4f81-b196-a031cad9413b,Jagna.pl,,,,/sklepy/jagna-pl/gazetka,""
75aba5a7-9778-4c4a-afee-a5ccf93e82bc,tgs,,,,/sklepy/tgs/gazetka,""
75cddf78-9b49-4944-91fa-907587d2d087,"Merkury Market",,,,/sklepy/merkury-market/gazetka,""
7623e6cb-eba6-4261-94c1-982ca54e99fc,"Sklep dla Ciebie",,,,/sklepy/sklep-dla-ciebie/gazetka,""
765df6cf-144f-423c-9084-215267ac8cbe,Elampy,,,,/sklepy/elampy/gazetka,""
7687e85b-123e-4262-90a6-23255d5c690c,Dopasowana,,,,/sklepy/dopasowana-pl/gazetka,""
76d3dc87-b857-467e-bede-e03bffe7c386,"Społem Szczecin",,,,/sklepy/spolem-szczecin/gazetka,""
774a95b1-38a4-4d8d-8562-6707644eb8d9,"W. KRUK",,,,/sklepy/w-kruk/gazetka,""
776f851a-f9a7-4926-9070-710ede451e23,"JB Multimedia",,,,/sklepy/jb-multimedia/gazetka,""
77745459-ecfc-44ba-9ace-d5a1ddcd6da0,Agneess,,,,/sklepy/agneess/gazetka,""
77a4aa4a-c62d-474a-8a29-8e25fa24d44e,MOLLY,,,,/sklepy/molly/gazetka,""
77b8c7da-054c-4b2d-b1f4-6501fcbfcfbd,Hadex,,,,/sklepy/hadex/gazetka,""
77d09b8e-226c-406a-a012-0c203a3c56da,LUKOIL,,,,/sklepy/lukoil/gazetka,""
7896fd6b-4e93-45a9-bae5-2d5b1d4b0ce8,Sferis,,,,/sklepy/sferis/gazetka,""
78e3a66d-c948-4c81-b7aa-f104ac948b8a,"Blue Shadow",,,,/sklepy/blue-shadow/gazetka,""
79061b4a-45d6-4cc7-b8d7-525be846b129,Jubimax,,,,/sklepy/jubimax/gazetka,""
796b7c1f-ae41-49ff-b4de-146eb04d58be,"Ryłko",,,,/sklepy/rylko/gazetka,""
79cc1443-e834-46f7-b831-38ea3243a5f8,Orlen,,,,/sklepy/orlen/gazetka,""
79e8d060-f593-45be-b9be-877d133a99a2,"Bike Atelier",,,,/sklepy/bike-atelier/gazetka,""
7a0a416e-570e-4eae-a731-f667cfa6c9b2,Selene,,,,/sklepy/selene/gazetka,""
7a1f14cb-bb81-448d-883c-560ebe60a480,Odido,,,,/sklepy/odido/gazetka,""
7a42e6b8-b24f-4cff-9a09-57fb8d916e1f,"TK Maxx",,,,/sklepy/tk-maxx/gazetka,""
7acba5e6-beda-4c3f-b83c-f3d98dde9ebb,"Dolce &amp; Gabbana",,,,/sklepy/dolce-gabbana/gazetka,""
7b203bca-c15d-4323-9774-a29e914a0ba2,Nomi,,,,/sklepy/nomi/gazetka,""
7b95e727-1e54-41f1-a443-4ad873be3ce9,LUSH,,,,/sklepy/lush/gazetka,""
7baef4ef-6ffb-44c4-ab33-99338bd7ff32,"BB Home",,,,/sklepy/bb-home/gazetka,""
7bc23e98-0bb9-4f46-883f-9c3841b970cf,"Nasz Naleśnik",,,,/sklepy/nasz-naleynik/gazetka,""
7c07963f-9a22-4e1d-9116-e257b9a8805e,"Royal Collection",,,,/sklepy/royal-collection/gazetka,""
7c38efee-4f67-4313-8038-3061e1d1104b,SuperPharm,,,,/sklepy/superpharm/gazetka,""
7c41034e-accd-4a2f-a6b6-01ed5f09273a,Selsey,,,,/sklepy/selsey/gazetka,""
7c53e608-5264-42b5-8124-e8549c258e0d,Cersanit,,,,/sklepy/cersanit/gazetka,""
7d0b83ff-2391-4a75-810a-8728322dbe2b,Samanta,,,,/sklepy/samanta/gazetka,""
7d3b4f33-a16b-4b25-a224-d94544ada9e0,"Koliber drogerie",,,,/sklepy/drogerie-koliber/gazetka,""
7da8896b-bae7-4b9a-8e82-ee3617e83408,Hildebrandt,,,,/sklepy/hildebrandt/gazetka,""
7dfa30a0-d713-49b8-a7c0-8b62d11aceee,"Boutique Bielizny",,,,/sklepy/boutique-bielizny/gazetka,""
7e52f397-c2a3-461f-9679-e1101101a0da,"Apteki Zdrowit",,,,/sklepy/apteki-zdrowit/gazetka,""
7e71994d-ce17-4f3d-ab3e-4c27a3338d77,Wrangler,,,,/sklepy/wrangler/gazetka,""
7e776f51-6a97-4e90-b59f-0c064192cc33,Bricoman,,,,/sklepy/bricoman/gazetka,""
7e9339ca-c48e-45b1-87eb-1c5b9b56a939,Wadima,,,,/sklepy/wadima/gazetka,""
7e9a4748-aa82-44dc-828c-40051854e14c,"Jeż Igiełka",,,,/sklepy/jey-igieyka/gazetka,""
7f2f97ad-a370-4d01-8bcf-647195823ec9,Vico,,,,/sklepy/vico/gazetka,""
7f7234fb-980b-46e4-9584-0fe66c56a93b,Link4,,,,/sklepy/link4/gazetka,""
7f95eaad-ec8b-485b-98bd-704bf8d3d8b9,"Virgin Mobile",,,,/sklepy/virgin-mobile/gazetka,""
7f9a1d66-51db-494e-a4ba-93366f61142f,"Martes Sport",,,,/sklepy/martes-sport/gazetka,""
7fa78df4-acd3-4217-84bf-42f101eb7e8e,eZebra,,,,/sklepy/ezebra/gazetka,""
7fb84f33-4544-4510-967a-21a03654070c,"Uśmiechnięte Zakupy",,,,/sklepy/usmiechniete-zakypy/gazetka,""
7fb937da-a96c-4b33-bc79-6a0741610901,"Ewa Michalak",,,,/sklepy/ewa-michalak/gazetka,""
7fd67ed1-27b4-4a9f-b15d-6852b04d6471,"Hale Banacha",,,,/sklepy/hale-banacha/gazetka,""
7fe0ed19-f74b-4ed6-acfb-c37f0172384e,"Brico Depot",,,,/sklepy/brico-depot/gazetka,""
800f1ddc-d155-4fe0-beb1-3fe8bade43c5,"Sushi Kushi",,,,/sklepy/sushi-kushi/gazetka,""
803483fa-a2e2-4761-87dc-b8fa9981cdb7,"Circle K",,,,/sklepy/circle-k/gazetka,""
8056b98c-a35c-4f26-9174-5cf05d4184fa,"Carrefour Express",,,,/sklepy/carrefour-express/gazetka,""
808cdc78-5f64-46f7-8e31-303a5443608a,"Indi &amp; Cold",,,,/sklepy/indi-cold/gazetka,""
80b8394e-aace-4975-934c-51d02555288d,Cocomore,,,,/sklepy/cocomore/gazetka,""
8129a26c-4559-450d-af06-22ad36cf5b4d,"Sklep Piłkarza",,,,/sklepy/sklep-piykarza/gazetka,""
81433572-c6eb-4b8c-b238-7a25ae625cbc,"Toy Planet",,,,/sklepy/toy-planet/gazetka,""
81b31182-ed45-4874-b48f-3f920991f826,Marmax,,,,/sklepy/marmax/gazetka,""
8223634d-5a9b-4ecc-b907-a3c6e9a44c47,Karmello,,,,/sklepy/karmello/gazetka,""
82897a92-584a-4a27-abb7-d01725607129,Stokrotka,,,,/sklepy/stokrotka/gazetka,""
82d6e950-a953-4a6a-ab33-9d897edfe2f9,Nife,,,,/sklepy/nife/gazetka,""
83055593-3fac-4e85-bd11-97a9e8586b50,"Big Star",,,,/sklepy/big-star/gazetka,""
831441de-f7a0-4948-bfb1-8adfe290e215,"Delikatesy Łosoś",,,,/sklepy/delikatesy-losos/gazetka,""
83160d03-2198-4f26-8edb-af21476d5821,TopOffice,,,,/sklepy/topoffice/gazetka,""
832ebae5-00ce-4175-a6d5-07bc450ea588,Taboo,,,,/sklepy/taboo/gazetka,""
83325c28-c54d-45bf-b798-8a74cb55d352,Wittchen,,,,/sklepy/wittchen/gazetka,""
8360ceff-dd71-49cc-8209-ac3cce6d49ef,Aurelka,,,,/sklepy/aurelka/gazetka,""
838c9b64-366d-434c-a0b5-95693ff4323b,Indeco,,,,/sklepy/indeco/gazetka,""
839218e6-f76e-405a-b356-665efe25c5aa,"Świstak",,,,/sklepy/swistak/gazetka,""
839f87d2-393e-4389-b78a-7cf6f3b06402,Miloo,,,,/sklepy/miloo/gazetka,""
83c25280-1ed8-45b7-ade1-b031b7081d1b,"New Balance",,,,/sklepy/new-balance/gazetka,""
842d8c90-c0f7-4cb2-83f9-1c0e31242b28,Barbour,,,,/sklepy/barbour/gazetka,""
844d3ba2-b67f-4a74-8fd5-1bb755eaa994,"Spólem Mława",,,,/sklepy/spolem-mlawa/gazetka,""
84a50ef4-8f0e-40d8-959c-428e96f51652,iSpot,,,,/sklepy/ispot/gazetka,""
84ae7251-835e-4f20-93c7-7fac8ff7b9da,Publio,,,,/sklepy/publio/gazetka,""
85296977-b4e8-4486-8556-13a7c7307615,Wader,,,,/sklepy/wader/gazetka,""
854b5e78-28ab-420f-bfa0-5c6cd804020d,"Julia Lingerie",,,,/sklepy/julia-lingerie/gazetka,""
85760c95-4921-423b-9ab7-c8963cbec666,Barbora,,,,/sklepy/barbora/gazetka,""
857b7fb5-7864-4419-84cd-10fcc6f0039d,Agnet,,,,/sklepy/agnet/gazetka,""
858fbb56-b582-44de-b542-51f88828f44f,Reebok,,,,/sklepy/reebok/gazetka,""
85beae9a-97fc-413f-8627-5d9757f56e76,"Fisher Price",,,,/sklepy/fisher-price/gazetka,""
86173f97-5538-4896-b9ec-5124a4aa40fb,"Mekona Meble",,,,/sklepy/mekona-meble/gazetka,""
86433896-a3b8-4eb6-9a68-8f97b0bf32a5,OleOle,,,,/sklepy/oleole/gazetka,""
86b5ab8c-edc0-47b0-8946-32773cd7c190,"Pijalnie Czekolady E. Wedel",,,,/sklepy/pijalnie-czekolady-e-wedel/gazetka,""
86f1c85c-915b-4953-bf3e-9810e078d252,"Dom Chleba",,,,/sklepy/dom-chleba/gazetka,""
87672dcf-c6ca-42f2-8938-c516b007008f,Alkoshop,,,,/sklepy/alkoshop/gazetka,""
87fc36b5-5820-43a7-beb1-1b79fa84858e,"Hit Polska Sieć Handlowa",,,,/sklepy/hit-polska-siey-handlowa/gazetka,""
87fd4a09-2102-4f4b-8877-fd6c0719f30f,"InPost Fresh",,,,/sklepy/inpost/gazetka,""
8814504a-4a88-4b9e-8188-8cb7a44926c6,"Cukiernia Królewska",,,,/sklepy/cukiernia-krolewska/gazetka,""
8869cd7c-2a58-4c84-83ae-4a12d2921eae,"Victoria&#039;s Secret",,,,/sklepy/victoria-s-secret/gazetka,""
887b93ed-e6eb-40f5-b225-f9b7804475df,Cobi,,,,/sklepy/cobi/gazetka,""
88ffd917-e3f6-4c06-aeff-d225abff1c49,"Sami Swoi",,,,/sklepy/sami-swoi/gazetka,""
891ebf69-f449-4ba8-a7c8-51c918a7a359,TomiMarkt,,,,/sklepy/tomimarkt/gazetka,""
891ffb84-1ae2-4adc-8048-aa27bfede82d,Aros,,,,/sklepy/aros/gazetka,""
89559162-b8c8-4fbc-b469-4f51dcfc7793,"Kuchnie Świata",,,,/sklepy/kuchnie-ywiata/gazetka,""
89872c78-580c-4e00-b023-e0a733fd57e7,Zegarek.net,,,,/sklepy/zegarek-net/gazetka,""
898dfa80-61c7-43a9-9849-aa0ed7442aa9,Chanti,,,,/sklepy/chanti/gazetka,""
89cbdb06-38e8-49be-bfe8-b26fa789de78,Everydayme,,,,/sklepy/everydayme/gazetka,""
89f7b6eb-1915-4624-ae3c-222819af001b,Eurofarex,,,,/sklepy/eurofarex/gazetka,""
8a324862-1ee1-4516-8937-2a968200cba7,"Vision Express",,,,/sklepy/vision-express/gazetka,""
8a33f5d0-2981-4437-a4cf-495398302561,Witek&#039;s,,,,/sklepy/witek-s/gazetka,""
8a48134e-a100-4a77-b355-622cb972a0c5,Selgros,,,,/sklepy/selgros/gazetka,""
8a64e23e-4f97-40d4-bdd9-3e5c42a7702c,"Estee Lauder",,,,/sklepy/estee-lauder/gazetka,""
8abc6e6b-3d14-4352-8ee9-29989ac31529,"Fabryka Form",,,,/sklepy/fabryka-form/gazetka,""
8aea358d-c9c8-4bc8-a9ce-000e12b68f5f,"Emanuel Berg",,,,/sklepy/emanuel-berg/gazetka,""
8aee2db9-6d9c-4348-a2b0-db9c0437eff6,"Polsat Box",,,,/sklepy/polsat-box/gazetka,""
8b0756a7-ca9a-4a8c-af7b-3be7ccefd62a,Polomarket,,,,/sklepy/polomarket/gazetka,""
8b39a485-fad6-4048-ab53-6ca0bc6c4211,Greenpoint,,,,/sklepy/greenpoint/gazetka,""
8b76db47-1fc2-4dd2-b569-0c5c8caa7411,Fielmann,,,,/sklepy/fielmann/gazetka,""
8b9980f9-8f9b-4861-8d78-8df4abcd3130,Porta,,,,/sklepy/porta/gazetka,""
8c4a235a-665d-454f-9bbd-ce46438bca6f,Euroflorist,,,,/sklepy/euroflorist/gazetka,""
8c59e821-b425-41ff-8c34-c3a373b9ed36,Gral.pl,,,,/sklepy/gral-pl/gazetka,""
8c5ce21c-02e8-46d9-87f4-739e92e7f1eb,Allegro,,,,/sklepy/allegro/gazetka,""
8c9a33e1-6bf5-4577-be65-4d115aaf4194,Dino,,,,/sklepy/dino/gazetka,""
8cca8a5d-c240-4599-92f6-5444850aa69b,Jula,,,,/sklepy/jula/gazetka,""
8cce7a08-994e-4958-a640-7e3be2ee39f2,Bibloo,,,,/sklepy/bibloo/gazetka,""
8d1e1275-c589-4aff-b4cc-06cfac7f7549,"Piekarnia Kłos",,,,/sklepy/piekarnia-kyos/gazetka,""
8d55684e-622e-4ed9-8ad6-b8bcc0df4cc0,Mlekovita,,,,/sklepy/mlekovita/gazetka,""
8d646251-01b7-46e0-8822-105a743d2c76,WadowiceNET,,,,/sklepy/wadowicenet/gazetka,""
8d9adaa3-e71c-4537-a3d1-f96c46423695,Endo,,,,/sklepy/endo/gazetka,""
8d9f759b-4b47-4ad0-a09a-071ed6955d0a,50style,,,,/sklepy/50style/gazetka,""
8de203b8-d062-4a70-9047-8ef9835ae536,"Alkohole za Grosze",,,,/sklepy/alkohole-za-grosze/gazetka,""
8e23017c-aa4d-4f9d-9b4f-36114aaac547,"Maxi Zoo",,,,/sklepy/maxi-zoo/gazetka,""
8ec3c2ac-c5b8-464d-bc63-1a2a919c0f54,"Takko Fashion",,,,/sklepy/takko-fashion/gazetka,""
8ec4b99c-2ece-4233-852b-9eb57e599ee8,"Dom i Wnętrze",,,,/sklepy/dom-i-wnytrze/gazetka,""
8f27e4fd-3c9d-4810-bd68-8200462db6b0,Drewex,,,,/sklepy/drewex/gazetka,""
8f414c3d-cff7-44ea-891d-4398ba5c51bd,Tres,,,,/sklepy/tres/gazetka,""
8f81e382-e83f-4c0c-bfb2-3347eff1ca76,"A. Blikle",,,,/sklepy/a-blikle/gazetka,""
8ff5c9e5-6794-4f10-8821-dc747a9ce903,Merlin,,,,/sklepy/merlin/gazetka,""
903f902d-6d4d-4657-8055-1df5016b831f,Fornetti,,,,/sklepy/fornetti/gazetka,""
90c33348-92e0-4c2d-8c0d-8bae1513c067,"Delikatesy Sezam",,,,/sklepy/delikatesy-sezam/gazetka,""
90da5e2e-d04b-4653-93be-75953cffd334,Edom.pl,,,,/sklepy/edom-pl/gazetka,""
90f04a3d-c915-49f9-805a-3d8d8d1cfce6,"Hala Wola",,,,/sklepy/hala-wola/gazetka,""
912edd6c-8e5f-4fc4-a254-a083f627875f,"FUNK’N’SOUL",,,,/sklepy/funkynysoul/gazetka,""
919d011e-fab7-47d8-8598-7b39b91e9853,"EURO APTEKA",,,,/sklepy/euro-apteka/gazetka,""
91c42bf4-95a5-46d9-a298-65ce781ee6f0,"EXIM Tours",,,,/sklepy/exim-tours/gazetka,""
9210615a-723f-4ee4-93ac-c160eb5f9999,Chicco,,,,/sklepy/chicco/gazetka,""
925682ed-ce88-4281-a5b6-feeb2d87bbd3,Marpol,,,,/sklepy/marpol/gazetka,""
9310da10-fda3-462d-a7f1-00da4798c24d,"TXM Textil Market",,,,/sklepy/textil-market/gazetka,""
932e5127-0abd-444f-930b-f3ec60cdb765,Bonami,,,,/sklepy/bonami/gazetka,""
9378eae4-ee15-44d2-a04b-b2d272817992,Bitvavo,,,,/sklepy/bitvavo/gazetka,""
93aabd5e-0906-4738-85b0-34b134121a77,HECHT,,,,/sklepy/hecht/gazetka,""
93e41592-a2f4-4578-b2e6-591cd68b85a1,Polanglo,,,,/sklepy/polanglo/gazetka,""
94606928-fa27-4c5e-a44f-cdd7ed6cc034,Danhen,,,,/sklepy/danhen/gazetka,""
94a8354b-6257-481d-8435-6a3b7ab93ba6,"Telezakupy Mango",,,,/sklepy/telezakupy-mango/gazetka,""
94e5c75f-33be-4731-a9f5-52d8d0ae8230,"Dolce Gusto",,,,/sklepy/dolce-gusto/gazetka,""
956364d7-b95f-42c0-a9fe-08e16cb32d20,Sisley,,,,/sklepy/sisley/gazetka,""
95a59533-de6e-4b38-98d2-8716c34de8cf,"Hego&#039;s Milano",,,,/sklepy/hegos-milano/gazetka,""
95db6325-b896-41a6-9712-f28291a528aa,Starbucks,,,,/sklepy/starbucks/gazetka,""
95f1979c-e449-4b7e-b6c7-a94c0e8042d8,"Silesia Jeans",,,,/sklepy/silesia-jeans/gazetka,""
95fde405-a947-4f62-a307-d29ceeef183c,"Toys R Us",,,,/sklepy/toys-r-us/gazetka,""
96130a93-8f78-45c9-82ae-b5035d57d666,Perfumeria.pl,,,,/sklepy/perfumeria-pl/gazetka,""
961ca7ad-4774-4cf2-9c93-981af99594ca,Etsy,,,,/sklepy/etsy/gazetka,""
9653353b-49c5-4dd6-9667-dbd6cec2e022,Diesel,,,,/sklepy/diesel/gazetka,""
9668de63-01d8-4c5d-aed8-ca1dfd0da801,"Flying Tiger",,,,/sklepy/flying-tiger/gazetka,""
966b855b-255e-4ab6-976e-e44fadbb3149,Dekorolka,,,,/sklepy/dekorolka/gazetka,""
968d485e-63b8-4023-ad5b-b668b9cdc948,Livio,,,,/sklepy/livio/gazetka,""
96dc8ff3-116d-4c65-aa9f-f553feb9eaa1,Yasumi,,,,/sklepy/yasumi/gazetka,""
96f22ce8-219d-46dd-8a3a-5040c674d68c,Shop-Dent,,,,/sklepy/shop-dent/gazetka,""
9732a165-7c83-47a7-89d9-aa4d58ee9f4e,"Drogeria alicja",,,,/sklepy/drogeria-alicja/gazetka,""
978e97fc-9502-4c69-9eea-ddad2f94175b,Tupperware,,,,/sklepy/tupperware/gazetka,""
97c2a1aa-f9d4-4bf4-8907-74cf8461c0ba,Bonus,,,,/sklepy/bonus/gazetka,""
9821db73-99ac-4e9a-a421-943c60259808,Subway,,,,/sklepy/subway/gazetka,""
984ed516-c1c4-4f5b-b565-ba3167793498,Rojax,,,,/sklepy/rojax/gazetka,""
985c5a19-2951-4791-8330-4d1a38488932,Trendymania,,,,/sklepy/trendymania/gazetka,""
986132a4-c55f-4e18-b4d1-d197364bcba7,Bonita,,,,/sklepy/bonita/gazetka,""
989fbbe7-c71a-44a9-9c10-4fea25fcbd33,Aurum,,,,/sklepy/aurum/gazetka,""
98aa8173-a51e-4b22-8e4b-937a5f4e41dc,Mazda,,,,/sklepy/mazda/gazetka,""
98b69f25-8168-461c-801c-d62b702c89f9,"Media Expert",,,,/sklepy/media-expert/gazetka,""
98e68f6d-55f5-4d4d-b910-0d35bc4a9349,"Bazar Poznań",,,,/sklepy/bazar-poznay/gazetka,""
996899e1-ad95-4e20-b93d-f76e0a13203c,Cupriak,,,,/sklepy/cupriak/gazetka,""
99dcf7f9-ca06-4764-ab2f-c2f0307150fd,Kupiec,,,,/sklepy/kupiec/gazetka,""
99e3cd73-b087-4507-a879-781990e9c73b,"Alkohole Świata",,,,/sklepy/alkohole-ywiata/gazetka,""
9a27f658-f610-4cb7-9bd2-fce1c881fa05,"Pan tu nie stał",,,,/sklepy/pan-tu-nie-stay/gazetka,""
9a858771-679f-444c-98c8-50a2bde7768b,Stradivarius,,,,/sklepy/stradivarius/gazetka,""
9acf779a-e0d2-4851-86e9-dc729b134d88,"Jawa Drogerie",,,,/sklepy/jawa-drogerie/gazetka,""
9adadaa2-a76e-4e6e-acae-4fb41f6a3c13,5.10.15.,,,,/sklepy/5-10-15/gazetka,""
9b10214f-2272-4bf1-bab9-c2a5f6ec409b,EWTEX,,,,/sklepy/ewtex/gazetka,""
9b27aba2-5b7c-4aee-9b66-93e17a1b3e59,"Media Markt",,,,/sklepy/media-markt/gazetka,""
9b810373-31a8-4f36-868d-5e6c34974fb4,RawFoods,,,,/sklepy/rawfoods/gazetka,""
9b8fd904-9541-4c7f-b27e-d0a8281cdef7,"Sports Direct",,,,/sklepy/sports-direct/gazetka,""
9bbdc6f7-a025-4624-9791-421e1ee218c9,Mattel,,,,/sklepy/mattel/gazetka,""
9bd5d5b2-6a49-4ad9-a4ab-f425bd11bd37,Avita,,,,/sklepy/avita/gazetka,""
9c161833-5954-419a-bf56-5e9125d99e31,"Ludwik Styl",,,,/sklepy/ludwik-styl/gazetka,""
9cafa09e-c82c-4e24-8b04-b59c9cd60080,"Green Way",,,,/sklepy/green-way/gazetka,""
9cdf9f93-e9c5-4ed5-add9-c808aa2ced2b,Toysbox,,,,/sklepy/toysbox/gazetka,""
9ce1177a-90fb-4431-8a06-82bc03ea5b6c,"Duży Ben",,,,/sklepy/duzy-ben/gazetka,""
9ce2b4c2-3d5b-4c21-8a08-498b3f4b115c,"Sużyw",,,,/sklepy/suzyw/gazetka,""
9ce3e6be-0345-4e90-ae72-c0a70a01d742,"Olimp Sklepy Sportowe",,,,/sklepy/olimp-sklepy-sportowe/gazetka,""
9d4211fc-3e16-4e2a-acc3-934a85baf95a,Sizeer,,,,/sklepy/sizeer/gazetka,""
9d9574ee-4b55-4b82-a8dd-b579b9e93b17,IPSON,,,,/sklepy/ipson/gazetka,""
9d99e4f1-aea4-467d-97d8-ba409d1c819a,Ford,,,,/sklepy/ford/gazetka,""
9de04c52-87de-4d66-8d46-a48123a26d79,"Brand Collection",,,,/sklepy/brand-collection/gazetka,""
9df2eccd-d84a-4645-8c07-1e5bb8665692,Supersam,,,,/sklepy/supersam/gazetka,""
9eb9a8eb-90e6-4d3b-b4d9-a235d2664725,Tagomago,,,,/sklepy/tagomago/gazetka,""
9ec39559-a674-4809-9522-ab2d58ff4854,"Drogeria Kosmyk",,,,/sklepy/drogeria-kosmyk/gazetka,""
9f4d8863-8d70-4292-b7cf-78f3174a0217,ABC,,,,/sklepy/abc/gazetka,""
9f7416f0-b94a-48f4-b566-77750af4c00c,ButyRaj.pl,,,,/sklepy/butyraj-pl/gazetka,""
9fb639f8-b03f-4b20-a56d-0dac2eca2d95,Kiabi,,,,/sklepy/kiabi/gazetka,""
9fca5582-d630-41d7-bf8f-5b063adcf5ba,ITAKA,,,,/sklepy/itaka/gazetka,""
9fce2ae8-390f-40aa-8f10-dd777df765ac,Triceps.pl,,,,/sklepy/triceps-pl/gazetka,""
a027f18a-7091-4dc4-ae86-c5dc19d01b12,SportowySklep.pl,,,,/sklepy/sportowysklep-pl/gazetka,""
a06a7b4c-7a36-4902-9ea5-488d9ae20356,Komfort,,,,/sklepy/komfort/gazetka,""
a1dcbf58-edff-4c15-b923-f73bf26cb876,"Bielizna Francuska",,,,/sklepy/bielizna-francuska/gazetka,""
a230194b-ad4c-42a0-8e5d-504761c9e8fb,Zalando,,,,/sklepy/zalando/gazetka,""
a2760ce9-5518-4511-a8dc-b9baf714c694,Astra,,,,/sklepy/astra/gazetka,""
a345078f-eafb-4de8-bc9e-6df7700b0e3e,"Hala Kopińska",,,,/sklepy/hala-kopiyska/gazetka,""
a35eebe9-ce7a-4129-b03c-45d5779d20f1,ASOS,,,,/sklepy/asos/gazetka,""
a38665b4-25b4-4683-ab5f-ba48f8ea3a0e,Elnino-Parfum,,,,/sklepy/elnino-parfum/gazetka,""
a3c287dd-787e-42ba-b992-90c47101d848,Avans,,,,/sklepy/avans/gazetka,""
a3df4d4e-6376-423a-be1e-d278a04ab9b4,Caterina,,,,/sklepy/caterina/gazetka,""
a3fa226c-4a74-442a-a342-959a96fdc8c8,"Mary Kay",,,,/sklepy/mary-kay/gazetka,""
a47dbbaa-67ae-4637-b1e8-7c3385e30ae3,Vivus,,,,/sklepy/vivus/gazetka,""
a4a5248d-1ef8-417c-82e1-7d45e52f646f,"Salad Story",,,,/sklepy/salad-story/gazetka,""
a4d1e9fd-b300-4d8a-a657-87a7bccee66a,Kaufland,,,,/sklepy/kaufland/gazetka,""
a4d320bd-9e99-4f9c-b210-1a1ce7d4a741,Dekoria,,,,/sklepy/dekoria/gazetka,""
a5029a9e-544d-4c80-aed3-fe5c0225b68c,"Bank Pekao S.A.",,,,/sklepy/bank-pekao-s-a/gazetka,""
a56cf699-a033-4527-88ec-1ac562d53d0d,Wibs,,,,/sklepy/wibs/gazetka,""
a57961d6-cfd5-428e-a66a-c2d1a40f11dc,Smyk,,,,/sklepy/smyk/gazetka,""
a5d30c8a-3a88-452c-a6f2-9bd72f7bd8f8,"Gerry Weber",,,,/sklepy/gerry-weber/gazetka,""
a6417e7e-0235-4211-8435-4081678971bf,"Piekarnia Pod Telegrafem",,,,/sklepy/piekarnia-pod-telegrafem/gazetka,""
a65d421d-2f86-4ff5-8129-6a1294df35be,Czasnabuty,,,,/sklepy/czasnabuty/gazetka,""
a65f9630-1de9-4713-85a8-68a0db8e9a7d,Heban,,,,/sklepy/heban/gazetka,""
a670c372-3038-454a-82d0-6e8a5a6fa2d6,Kamix,,,,/sklepy/kamix/gazetka,""
a6821032-c064-4aab-9cf6-adce683982f1,Dacia,,,,/sklepy/dacia/gazetka,""
a6b771c6-182e-4baa-89ee-ccd9f64cc155,Norma,,,,/sklepy/norma/gazetka,""
a6e4af48-5a5a-47d6-89b8-1ceb55d623f5,"Delisso Delikatesy",,,,/sklepy/delisso-delikatesy/gazetka,""
a72064ca-1b41-4c5e-afae-4697cac8a873,"SPAR mini",,,,/sklepy/spar-mini/gazetka,""
a7794c0e-d164-47dc-a824-d93238feeb69,"ZARA HOME",,,,/sklepy/zara-home/gazetka,""
a79fdc90-1ac9-4c4b-8883-e998ff1b0209,"Alkohole Winoteka",,,,/sklepy/alkohole-winoteka/gazetka,""
a7bc3df8-e6ec-4a29-a6cb-70f8c45d78ae,"Hugo Boss",,,,/sklepy/hugo-boss/gazetka,""
a816bfc1-a6d3-4dd6-8685-90e9d6a17d04,Volkswagen,,,,/sklepy/volkswagen/gazetka,""
a842cbdf-b87b-4c2f-8486-a8490cb74329,Fresh-market,,,,/sklepy/fresh-market/gazetka,""
a8aaf93e-c9ab-4b5b-8d82-b6c43697f4d3,Honda,,,,/sklepy/honda/gazetka,""
a8b21bed-c98a-455c-85f4-825587cb459d,Metafora,,,,/sklepy/metafora/gazetka,""
a8be40d8-312f-4a38-a4ad-847e50b0b74a,Citroen,,,,/sklepy/citroen/gazetka,""
a96f175b-aa5d-4f0a-bf08-1783549d2d1b,Pinkshop,,,,/sklepy/pinkshop/gazetka,""
a9791b50-f4cf-4d58-bb62-7a33898d9848,"Plus GSM",,,,/sklepy/plus-gsm/gazetka,""
a98d5e01-d3a8-41ef-a4a3-c58b44fbef5e,"Gram Market",,,,/sklepy/gram-market/gazetka,""
aa76ecfa-1136-4e32-875c-8a15076d2458,Burberry,,,,/sklepy/burberry/gazetka,""
aa85da02-0d74-4476-bd71-2f19971e386b,Bielenda,,,,/sklepy/bielenda/gazetka,""
aa951958-6f41-4915-baf5-83267ea3072c,GoldRun,,,,/sklepy/goldrun/gazetka,""
aa983e6c-cbf8-41ce-8286-f514d7da1934,"Nipplex Shop",,,,/sklepy/nipplex-shop/gazetka,""
aaad98e0-9267-4c2b-90f4-749b211c7c33,"DROGERIA MILLOR",,,,/sklepy/drogeria-millor/gazetka,""
aaaeb1cf-e724-42d9-8dd1-ac5e3f73f7f9,Tescoma,,,,/sklepy/tescoma/gazetka,""
aaafb966-6637-417e-b006-ee95e02767a1,COS,,,,/sklepy/cos/gazetka,""
aac7920a-20a5-4328-84cc-246d4be50c0c,Jubilat,,,,/sklepy/jubilat/gazetka,""
aad739c4-73d6-4309-873e-4e965a587528,Koniczynka,,,,/sklepy/koniczynka/gazetka,""
ab493092-0356-4b0c-b62e-83add9ce2a58,Freshpoint,,,,/sklepy/freshpoint/gazetka,""
abfb721c-f376-49fe-af6b-32e170277022,Chocolissimo,,,,/sklepy/chocolissimo/gazetka,""
abfcfa27-0680-4206-9544-2e764f9ccee5,Gazelle,,,,/sklepy/gazelle/gazetka,""
ac2c1f1a-bcfe-486c-ac1e-a4fae88f11d6,Furla,,,,/sklepy/furla/gazetka,""
aca1f649-52bd-4900-98ed-b85565f6dec7,"Gino Rossi",,,,/sklepy/gino-rossi/gazetka,""
acb26621-5799-4d86-8548-b88500bdf7ac,"Faktoria Win",,,,/sklepy/faktoria-win/gazetka,""
acc77064-8762-4cca-a3e8-efe3c9579366,Oleofarm24.pl,,,,/sklepy/oleofarm24-pl/gazetka,""
acda228b-47b0-403d-83be-7eb3a7ae3307,Makalu,,,,/sklepy/makalu/gazetka,""
ad022e29-37cd-45fc-ac6a-4b7f4c12eec9,Jeep,,,,/sklepy/jeep/gazetka,""
ad1661e9-df15-4cd4-bebe-6cbd9ea8575b,KFC,,,,/sklepy/kfc/gazetka,""
ad2eaf68-9727-40fb-9356-3c1ab3310732,"Dobre Wina",,,,/sklepy/dobre-wina/gazetka,""
ad3152e6-4709-42ff-a99f-9a695ebe9c11,"Ruck Zuck",,,,/sklepy/ruck-zuck/gazetka,""
ad5548fd-4321-452d-bdf4-a6b729383414,"Signal Meble",,,,/sklepy/signal-meble/gazetka,""
ad7df76d-7c2f-4906-9071-e41a9365f7b1,"Pralnie Panda",,,,/sklepy/pralnie-panda/gazetka,""
ada0b7cc-67dc-4be7-9d36-d18896761056,Vobiano,,,,/sklepy/vobiano/gazetka,""
ae01ccb9-d1e3-4818-9c4e-cfd56f9cf888,Moliera2,,,,/sklepy/moliera2/gazetka,""
ae0ca597-ebfc-4674-bde3-3380b8e2da5b,SellYo,,,,/sklepy/sellyo/gazetka,""
ae27065e-40b5-4e5c-ab58-f7e65200ed22,Bata,,,,/sklepy/bata/gazetka,""
ae308d76-c9f2-45e6-abf4-64b99401f5fd,Diverse,,,,/sklepy/diverse/gazetka,""
ae82e46e-e2ee-4567-9da2-4e3fbaa400d3,"Pizzeria Presto",,,,/sklepy/pizzeria-presto/gazetka,""
ae9d7c90-b7c2-475b-b79b-589b6b7f5a67,Bershka,,,,/sklepy/bershka/gazetka,""
aed0eb8e-f7fc-46db-aa48-fefd490e1455,"Oasis Tours",,,,/sklepy/oasis-tours/gazetka,""
af1fefec-1aca-4d6b-b78b-c1c4c03f57cb,"Pizza Hut",,,,/sklepy/pizza-hut/gazetka,""
afa481e4-8d66-42b1-a309-baa850c95567,Supeco,,,,/sklepy/supeco/gazetka,""
afbe1160-7bd5-4f1c-b4c4-0f067273b0e6,"Koma Oświetlenie",,,,/sklepy/koma-oywietlenie/gazetka,""
b0676932-778d-484a-a99b-86d4a10e011f,H&amp;M,,,,/sklepy/h-m/gazetka,""
b076d4a7-81ab-47ae-b3fe-cdbdc1134248,Betterware,,,,/sklepy/betterware/gazetka,""
b091f42e-a4a3-4050-9a40-7277ab65d0ed,Lodomania,,,,/sklepy/lodomania/gazetka,""
b0d03fa5-3291-4bb5-85ab-0025b78504be,Kakadu,,,,/sklepy/kakadu/gazetka,""
b0d0c019-5b96-4ad3-a4db-bc440027bddc,"Apteka 1",,,,/sklepy/apteka-1/gazetka,""
b0f487a6-0ab9-4771-8ca1-e95aab8e6f13,Pandora,,,,/sklepy/pandora/gazetka,""
b0fb066d-3c13-4f74-a369-7dee23a8c0b5,"Świat Zabawek",,,,/sklepy/ywiat-zabawek/gazetka,""
b12ba935-859a-436a-8dc5-e181a6dd31d5,Skoda,,,,/sklepy/skoda/gazetka,""
b13d6edc-4870-47c8-bfdf-ce442f45c034,"Stokrotka Optima",,,,/sklepy/stokrotka-optima/gazetka,""
b13f9e2e-98c1-4e13-828d-ad65139b6145,"Winnica Turnau",,,,/sklepy/winnica-turnau/gazetka,""
b16d4d6b-8eef-4f8a-b5b2-5b1805c374fc,Viola,,,,/sklepy/viola/gazetka,""
b19506db-a33d-436e-a251-e95c5b88046a,"Holly Molly",,,,/sklepy/holly-molly/gazetka,""
b1f41090-ae6e-45c5-ad95-ffb24aa9fd78,"Meble Vox",,,,/sklepy/meble-vox/gazetka,""
b269f4ff-b83c-43a8-ac3a-b40a78d79ca8,"Patrizia Peppe",,,,/sklepy/patrizia-peppe/gazetka,""
b276a41c-610d-4303-838f-2097f75e9f3b,"Pollena Ostrzeszów",,,,/sklepy/pollena-ostrzeszow/gazetka,""
b2ab4e2f-0d99-46ea-8b81-1d04d54f77c9,FeuVert,,,,/sklepy/feuvert/gazetka,""
b309434a-ae4c-4e8b-beb6-c3ad4675a0ce,API,,,,/sklepy/api/gazetka,""
b33dabe7-f8b4-4d7c-932a-4f1920eace7a,"Wośp",,,,/sklepy/wosp/gazetka,""
b39fdb41-bd1f-49a7-bc9c-3f0322629c75,"Alfa Elektro",,,,/sklepy/alfa-elektro/gazetka,""
b4c2ab0f-424f-4bb2-9aab-ad7fda4efab1,PZU,,,,/sklepy/pzu/gazetka,""
b4eba83a-dd22-4cac-b4f8-209f5ea9c3db,"Ziko Dermo",,,,/sklepy/ziko-dermo/gazetka,""
b51f36eb-f070-420e-a99f-5d401e04879f,Serpol,,,,/sklepy/serpol/gazetka,""
b523c465-895f-4b9c-9b04-4554692dd618,Audi,,,,/sklepy/audi/gazetka,""
b54e5f34-ac9e-452f-995d-6e87b751ab2a,"BOG FRAN Meble",,,,/sklepy/bog-fran-meble/gazetka,""
b55fbd81-5ffc-4261-b9db-1089f1f61725,"Carrefour Market",,,,/sklepy/carrefour-market/gazetka,""
b5a40ae6-e896-4be6-ac98-2f2c2ddb236e,Bebiklub,,,,/sklepy/bebiklub/gazetka,""
b5ba42e3-f4f3-4a45-b83f-76b3a64a7ced,Lampy,,,,/sklepy/lampy/gazetka,""
b5c4a8e4-0e58-4324-b48c-98d23d1aa99f,MOKPOL,,,,/sklepy/mokpol/gazetka,""
b5c4c3e9-c638-44bd-a5c1-38d4345d9abc,Premio,,,,/sklepy/premio/gazetka,""
b65dbdaf-2650-4757-bd32-e80de5ddddfa,"Rainbow Tours",,,,/sklepy/rainbow-tours/gazetka,""
b6756cf8-9377-47db-97ac-7fe3a1e46f1c,"Land Rover",,,,/sklepy/land-rover/gazetka,""
b6a3a04c-91e7-4165-bea6-8d78be00933e,Kawimet,,,,/sklepy/kawimet/gazetka,""
b6e2c465-b477-432e-bde6-b95f300891bf,Skorzana,,,,/sklepy/skorzana/gazetka,""
b725e47d-ec6c-4e19-a3fe-ce6c4577048b,MANGO,,,,/sklepy/mango/gazetka,""
b7352695-7917-4f5d-b8f8-b423774ab5b5,Bierhalle,,,,/sklepy/bierhalle/gazetka,""
b797058e-3955-4b2f-a38b-9dc121f8407e,"Tommy Hilfiger",,,,/sklepy/tommy-hilfiger/gazetka,""
b799b6be-af4f-432e-9c9c-26053e35cb10,Mothercare,,,,/sklepy/mothercare/gazetka,""
b7c1c411-51ec-4961-9213-3effba183613,"Mama i Ja",,,,/sklepy/mama-i-ja/gazetka,""
b803d853-0c34-4c45-ad86-5dc0e1fb190c,SHEIN,,,,/sklepy/shein/gazetka,""
b85fcb86-d43f-4f22-97ce-af0fc0a1c0b8,"Meble Wójcik",,,,/sklepy/meble-wojcik/gazetka,""
b8eb0d81-12bf-4eb9-983a-7c44dd3aa367,DNIPRO-M,,,,/sklepy/dnipro-m/gazetka,""
b910ef6c-31a4-43c9-831c-80e345e2a6e4,Ucando.pl,,,,/sklepy/ucando-pl/gazetka,""
b962e88e-da6e-4560-bf8b-755c2858e5be,Corin,,,,/sklepy/corin/gazetka,""
b9791729-1c62-42c1-9eca-70996d255743,KappAhl,,,,/sklepy/kappahl/gazetka,""
b97b4f23-1bf4-467c-b69b-dd098d71c514,"Jack Wolfskin",,,,/sklepy/jack-wolfskin/gazetka,""
ba0597b9-5ff9-407a-b2f4-6cb19ebafdf3,"Alma Market",,,,/sklepy/alma-market/gazetka,""
ba623177-0274-4d83-a226-62a131b610f9,DeeZee,,,,/sklepy/deezee/gazetka,""
bae224f1-8e3f-466e-9e8a-464966574f90,Molton,,,,/sklepy/molton/gazetka,""
bb14be4f-70bb-4104-9eaf-d192118a9a0f,"Pepe Jeans",,,,/sklepy/pepe-jeans/gazetka,""
bb1e784a-6039-4c5a-a26b-1650fece0f37,Intersport,,,,/sklepy/intersport/gazetka,""
bb442d39-05ba-4062-b560-58be742950e0,"Local Heroes",,,,/sklepy/local-heroes/gazetka,""
bb4aae00-deca-4981-98d4-6dee096b7631,Raven,,,,/sklepy/raven/gazetka,""
bb4ddbed-b949-429d-9e7a-aaf2f7ee9ab2,MOYA,,,,/sklepy/moya/gazetka,""
bb8362b7-ff2f-4b32-b499-ddef612094cf,"Betty Barclay",,,,/sklepy/betty-barclay/gazetka,""
bb8da3c9-9c2d-4807-8256-626ac99dd4b8,"Marks &amp; Spencer",,,,/sklepy/marks-and-spencer/gazetka,""
bb9f8669-292b-4367-99cc-4ac38b80d1f6,TOPSHOP,,,,/sklepy/topshop/gazetka,""
bbf160f2-0c33-486d-96f3-b6aedad93423,"Grupa Fachowiec",,,,/sklepy/grupa-fachowiec/gazetka,""
bc22ff23-562b-4e13-bd98-540e3e78c31b,Bliski,,,,/sklepy/bliski/gazetka,""
bc57d1db-01f9-4f4d-bc7f-3c735b3faf8f,"Nestlé",,,,/sklepy/nestle/gazetka,""
bc743ac8-60a6-42e0-94cf-b4a9db3d6e2b,"Sukces Zamocowania",,,,/sklepy/sukces-zamocowania/gazetka,""
bc77373d-b65d-49b8-972f-d7ef9c240e81,Astor,,,,/sklepy/astor/gazetka,""
bcb28965-020b-47fd-ad13-a21d8c449d74,"Cukiernia Karpicko",,,,/sklepy/cukiernia-karpicko/gazetka,""
bcd14a2e-9b15-4239-8fbd-b7d3d7d2c595,"Euro Sklep",,,,/sklepy/euro-sklep/gazetka,""
bd1d61a5-db78-4f03-b7d9-add86180efbe,Aledobre,,,,/sklepy/aledobre/gazetka,""
bd614f8b-925a-4666-a8a0-54921273eec1,Wilson,,,,/sklepy/wilson/gazetka,""
bdcc29cc-96de-4a27-9166-859677a29558,Comexim,,,,/sklepy/comexim/gazetka,""
bf542e9b-52cf-46d7-9f05-50781eb0112b,"Sklep Błysk",,,,/sklepy/sklep-blysk/gazetka,""
bf5ec035-119f-4a8a-a778-9aa333d4047d,"Delikatesy z Natury",,,,/sklepy/delikatesy-z-natury/gazetka,""
bf65aa48-eb61-4634-ad26-652df5d6d1af,DDD,,,,/sklepy/ddd/gazetka,""
c01a6ef7-85b8-4d5d-86ed-8261110f96b0,KAROline.pl,,,,/sklepy/karoline-pl/gazetka,""
c026590e-1882-4241-b32a-7f285be81ac9,Zebra,,,,/sklepy/zebra/gazetka,""
c02d7cc6-bd15-4806-8fcb-706274fa9657,Attractive,,,,/sklepy/attractive/gazetka,""
c033ff0b-2582-4346-8761-41f643d6c35f,"Fale Loki Koki",,,,/sklepy/fale-loki-koki/gazetka,""
c0392cc1-3317-40c8-b718-cc25e30b50da,Batica,,,,/sklepy/batica/gazetka,""
c06bd79b-1a3e-43f5-9889-aa58e18d0cf0,JOMA,,,,/sklepy/joma/gazetka,""
c0d8cfa4-1519-48d4-b0a3-b16e6df181b1,Amus,,,,/sklepy/amus/gazetka,""
c11f1e8b-093d-44c2-b642-b911c72f2eca,Solar,,,,/sklepy/solar/gazetka,""
c160846c-b76c-46f8-bfca-c0d77bc42d9e,"Top Cezar",,,,/sklepy/top-cezar/gazetka,""
c171cd87-c7e4-4206-bb7f-53c36b03b005,Chrysler,,,,/sklepy/chrysler/gazetka,""
c18c27de-9852-418e-a3f6-1600c3e57910,Fiat,,,,/sklepy/fiat/gazetka,""
c21cf460-0e18-42ce-9cdd-29e5382b2292,E.Leclerc,,,,/sklepy/e-leclerc/gazetka,""
c2338d04-7c5d-47e4-987c-566324a503e2,Pewex.pl,,,,/sklepy/pewex-pl/gazetka,""
c2345190-b9df-4d96-bd65-2e6497594455,"Max Elektro",,,,/sklepy/max-elektro/gazetka,""
c27cde95-4b0b-44a1-922e-0bbda3d73c68,Castorama,,,,/sklepy/castorama/gazetka,""
c2c55702-af10-4e5a-9f1d-bdd89bf966d2,Lewiatan,,,,/sklepy/lewiatan/gazetka,""
c2e21f04-1052-4331-b4a6-6f05efb39791,Efavit,,,,/sklepy/efavit/gazetka,""
c3055e93-d00b-466a-b4b2-90e7f7d107df,1but,,,,/sklepy/1but/gazetka,""
c3819843-3090-4a55-9f8d-92d7d676d483,Makro,,,,/sklepy/makro/gazetka,""
c39a3c65-f9f0-41d7-99e1-6732dfe31f04,Pikolinos,,,,/sklepy/pikolinos/gazetka,""
c3d50c48-b2b8-4345-b79d-c9ed7291932f,Action,,,,/sklepy/action/gazetka,""
c3ebfac7-2e15-4f8e-bebe-5a5b8888f56e,Nespresso,,,,/sklepy/nespresso/gazetka,""
c3f4d2d2-94eb-4d4d-b78b-1aafb2f9021f,Szachownica,,,,/sklepy/szachownica/gazetka,""
c42877f7-0ff4-4bc5-9e34-2a60c39d34dd,Homla,,,,/sklepy/homla/gazetka,""
c4936d4a-97de-4bd2-b612-9948e27cb80d,Swarovski,,,,/sklepy/swarovski/gazetka,""
c4ad3483-26a2-4c2f-b4a7-929c699acdfb,"Meble Bodzio",,,,/sklepy/meble-bodzio/gazetka,""
c4d85282-6750-4b98-a80a-a128dde3ba9c,Change,,,,/sklepy/change/gazetka,""
c4df6e3a-8c1b-459b-9eb9-2a741989c2f2,"Italian fashion",,,,/sklepy/italian-fashion/gazetka,""
c523a7de-85a8-4651-ac92-46f835da2666,"Ski Team",,,,/sklepy/ski-team/gazetka,""
c52bdb95-c1dc-47ca-8e28-035ac7e3a268,Wispol,,,,/sklepy/wispol/gazetka,""
c544b14e-e065-48c5-a0bf-cb5e121626e4,SHELL,,,,/sklepy/shell/gazetka,""
c5a603b5-c22e-44f9-8444-75890859f75a,"Fashion Home",,,,/sklepy/fashion-home/gazetka,""
c5c70900-ee1c-46a0-9ba9-22a95d83d5dd,AquaelZOO,,,,/sklepy/aquaelzoo/gazetka,""
c5e60a2a-b288-4664-a7f2-4e15f979c27d,Armani,,,,/sklepy/armani/gazetka,""
c61d89c8-c0b8-491d-8643-41cbe58563fc,"Accor Hotels",,,,/sklepy/accor-hotels/gazetka,""
c69de0b9-9cef-410b-a159-e47966d8e4a1,Artillo,,,,/sklepy/artillo/gazetka,""
c7052067-01dc-4e7d-9a03-b74053ddcf7c,Terpilowski,,,,/sklepy/terpilowski/gazetka,""
c7136b57-47c7-4fe5-9033-a9a3af96bf93,Dobromir,,,,/sklepy/dobromir/gazetka,""
c751fcb1-dda7-4f11-ba89-71191ed270cb,"Alfa Romeo",,,,/sklepy/alfa-romeo/gazetka,""
c786be51-7e14-40c0-a5bd-51433951ff35,Pawo,,,,/sklepy/pawo/gazetka,""
c7ac48e0-cd7e-4aef-bac5-e70591735753,Pryzmat,,,,/sklepy/pryzmat/gazetka,""
c7c7647a-6faf-4daf-b7a2-6e969b5b29b9,"Koliber drogerie",,,,/sklepy/drogerie-koliber/gazetka,""
c7d5f0a6-69f3-46a4-be38-1a006f5ada2f,Tifo,,,,/sklepy/tifo/gazetka,""
c82a7a80-0633-4c01-bacf-38aa21c8b6b8,Paulinka,,,,/sklepy/paulinka/gazetka,""
c85331af-14cd-4fb1-b68a-547a83f9ffc5,Saturn,,,,/sklepy/saturn/gazetka,""
c85e667a-89db-4567-8e26-cb5b2122f871,Dedalus.pl,,,,/sklepy/dedalus-pl/gazetka,""
c894b7ed-76b5-4c1f-bf29-26122c854544,"Aelia Duty Free",,,,/sklepy/aelia-duty-free/gazetka,""
c8ac7fbc-cb4e-4a37-b7dc-244ac8acf49d,MARCO,,,,/sklepy/marco/gazetka,""
c93bb766-6159-4bab-93e5-bace4453a8a4,IKEA,,,,/sklepy/ikea/gazetka,""
c962e5c7-da5b-46de-b4bd-2ada63e1d6c9,Reserved,,,,/sklepy/reserved/gazetka,""
c98e261d-b5f1-45a6-807b-355c7bd1f14b,Bergson,,,,/sklepy/bergson/gazetka,""
c98ef147-6597-4f69-bff8-e09cd951c628,KiK,,,,/sklepy/kik/gazetka,""
c991ffad-57de-4a51-ab82-cdba51db2e91,Senpo,,,,/sklepy/senpo/gazetka,""
c9bbc9e4-8a2b-4197-90b0-8deab7c299f6,"Top Secret",,,,/sklepy/top-secret/gazetka,""
ca123855-1a39-44df-936d-2e5ddf5a9ddc,Dkwadrat,,,,/sklepy/dkwadrat/gazetka,""
ca2d9210-d327-4798-b57f-4302b00d9821,Chris,,,,/sklepy/chris/gazetka,""
ca3af204-630f-4b7c-bdc3-90bf987b6fa8,Sante,,,,/sklepy/sante/gazetka,""
ca433783-a6e5-44d8-8fc2-290e24cd4380,Limango,,,,/sklepy/limango/gazetka,""
caed1bbb-14f7-4509-838a-401f3fff756a,"Oskar Centrum Turystyki",,,,/sklepy/oskar-centrum-turystyki/gazetka,""
caeeff25-933b-4dad-a0e4-1d7cbbcccabd,SalonSnu,,,,/sklepy/salon-snu/gazetka,""
cb302d9c-e40a-4873-9e06-f57e60873da2,Triomen,,,,/sklepy/triomen/gazetka,""
cb9468a9-7650-4db3-85e7-b3c591c671b8,"Young Reporter",,,,/sklepy/young-reporter/gazetka,""
cb986562-edef-48c1-bac2-d4d5995825c1,Marella,,,,/sklepy/marella/gazetka,""
cbc20175-3029-4a48-9423-ab605b084b37,Segafredo,,,,/sklepy/segafredo/gazetka,""
cbc9f837-99a2-4383-a3e8-75b0e57404ea,Dodge,,,,/sklepy/dodge/gazetka,""
cbf1dda4-ef78-47a4-97e6-e311f8f5caa7,ARA,,,,/sklepy/ara/gazetka,""
cbf3ce94-c4fc-4916-9bb0-042433deb21e,NKD,,,,/sklepy/nkd/gazetka,""
cc000fef-78b0-4280-bcbe-4fb19792f086,Compo,,,,/sklepy/compo/gazetka,""
cc47e91b-83f0-4eb5-9e0f-b9d0c7ec1c27,Mivo,,,,/sklepy/mivo/gazetka,""
cc5c7824-b754-43fa-95a2-0801540774f4,"Cinema City",,,,/sklepy/cinema-city/gazetka,""
cc64ab27-572a-477b-bd23-569dfa3e0799,"Czas na Herbatę",,,,/sklepy/czas-na-herbaty/gazetka,""
cc8a7a56-7f7a-4a53-9b46-bcb94a66ce20,Paese,,,,/sklepy/paese/gazetka,""
ccc6613d-bde6-472d-9492-dbe9b30fc668,Sezam,,,,/sklepy/sezam/gazetka,""
ccf47960-3386-4147-8832-bb0fcea42dbf,Wojas,,,,/sklepy/wojas/gazetka,""
cd50172e-e582-4ef9-a637-d7bc03a76714,Kodano,,,,/sklepy/kodano/gazetka,""
cd781c21-06fd-48d4-abe3-9381943b0604,Biosklep,,,,/sklepy/biosklep/gazetka,""
cd97be92-4e7e-4c66-b8dc-125e23fc5c7f,So!Coffee,,,,/sklepy/so-coffee/gazetka,""
cda0e287-f413-41b7-952d-65d667c939aa,NIKE,,,,/sklepy/nike/gazetka,""
cdc069e5-d9c3-426c-bf65-b4622dc3ffec,Smith&#039;s,,,,/sklepy/smith-s/gazetka,""
cdc9bc51-3104-4bef-a4da-c727c4f13ef6,Puccini,,,,/sklepy/puccini/gazetka,""
ce234a1a-5dfc-4d56-a0ee-32dfd90bd779,Electro,,,,/sklepy/electro/gazetka,""
ce41901c-b08f-4a5d-9b9c-ed45fd6a566c,Marilyn,,,,/sklepy/marilyn/gazetka,""
ce723223-5e8a-4155-9d6a-b3baceccb78d,Netto,,,,/sklepy/netto/gazetka,""
cebf6f89-d3b3-47bb-bc08-d5de09a1553a,StylePit,,,,/sklepy/stylepit/gazetka,""
cf100653-391e-493c-86af-f9c72296b7ac,Kontaktowe.pl,,,,/sklepy/kontaktowe-pl/gazetka,""
cf31762c-6294-403a-be1a-810ca3c13ea2,al.to,,,,/sklepy/alto/gazetka,""
cf524ab0-fd93-42ec-9035-a015fa6eb25c,Elbrus,,,,/sklepy/elbrus/gazetka,""
cfdf63ce-423c-4317-bccf-f2a2ec2d3e9b,Ramex,,,,/sklepy/ramex/gazetka,""
cff1aa6d-face-46a3-97b2-9cb380250ffc,OCHNIK,,,,/sklepy/ochnik/gazetka,""
d089d70c-46ab-43a1-9b57-9fb2897ad3c4,Filippo,,,,/sklepy/filippo/gazetka,""
d0b80d87-9fd8-4d88-a8cf-f9ac92acb421,Cataleya,,,,/sklepy/cataleya/gazetka,""
d0f0d57d-da7b-4983-9e07-02379735aade,"Zielony Koszyk",,,,/sklepy/zielony-koszyk/gazetka,""
d1176bcd-110a-424a-bdeb-7273a87b8c44,Calzedonia,,,,/sklepy/calzedonia/gazetka,""
d11fe414-63ce-4588-a6da-9c0d58ad91f7,"Mrówka",,,,/sklepy/mrowka/gazetka,""
d145d510-5b32-4a68-aceb-5c70c77a99b6,Bose,,,,/sklepy/bose/gazetka,""
d15d3cba-cae1-4dd5-ba92-000de489ae41,"The North Face",,,,/sklepy/the-north-face/gazetka,""
d200d841-56de-4696-9fe5-25e09f02af81,"Domar Poznań",,,,/sklepy/domar-poznay/gazetka,""
d20c8fd8-f270-4225-b8b5-daaeb14bd5d9,Merida,,,,/sklepy/merida/gazetka,""
d2115c65-1b39-4c9c-90bc-688eb73246f3,Modest,,,,/sklepy/modest/gazetka,""
d23b856c-e9e2-48ac-8ae5-af2e482473bb,Woblink,,,,/sklepy/woblink/gazetka,""
d2909912-7399-4aa7-9dc9-ba6681828772,"Sun &amp; Fun",,,,/sklepy/sun-fun/gazetka,""
d342c880-ae3b-4a76-b61b-a018546e32c1,"Kraina Herbaty",,,,/sklepy/kraina-herbaty/gazetka,""
d370845d-4591-4046-aa2f-99e8d74472f4,"Tim Kominki",,,,/sklepy/tim-kominki/gazetka,""
d39bcfe6-bc83-4532-9993-55dfc3567a54,Tedi,,,,/sklepy/tedi/gazetka,""
d42da323-4b7f-4279-abd5-dadc33994573,"Sklep Polski",,,,/sklepy/sklep-polski/gazetka,""
d4319a3c-8cf4-4a18-b591-980102e1dad9,"Club Med",,,,/sklepy/club-med/gazetka,""
d44deec4-7b9b-4000-a912-3e576511b0b9,Levi&#039;s,,,,/sklepy/levi-s/gazetka,""
d494a1b8-d41c-4920-9c65-8ba1130d8d85,Lidl,,,,/sklepy/lidl/gazetka,""
d51372be-ded9-450e-ab3f-facd00b01076,"AK Biżuteria",,,,/sklepy/ak-biyuteria/gazetka,""
d5306e54-c906-40ea-90f0-86c265291946,Accessorize,,,,/sklepy/accessorize/gazetka,""
d56a03ee-d325-458d-ac2f-9bcde432428b,vissavi,,,,/sklepy/vissavi/gazetka,""
d590c4ca-fa0c-461b-b410-511e2d91f018,Avon,,,,/sklepy/avon/gazetka,""
d5cc1585-baa2-421d-89df-d141b77f83d7,OLEKSY,,,,/sklepy/oleksy/gazetka,""
d617866c-9786-41a3-86b7-2f88945f14c6,"Domino&#039;s Pizza",,,,/sklepy/domino-s-pizza/gazetka,""
d6735609-510e-4f39-94fc-658592bef2ee,Rossmann,,,,/sklepy/rossmann/gazetka,""
d67e1433-ea92-40b2-b090-b43b212636a5,"Delikatesy Ribena",,,,/sklepy/delikatesy-ribena/gazetka,""
d6b4f738-2d31-4092-91df-1c05d395d08f,PinkorBlue,,,,/sklepy/pinkorblue/gazetka,""
d6e348bb-0d12-489c-911a-c04784ffb6f2,Sedal,,,,/sklepy/sedal/gazetka,""
d70224d5-3cf9-4f94-b120-2097725b0c78,Butyk,,,,/sklepy/butyk/gazetka,""
d702f400-fab0-49e3-a5d9-e54520e0827d,"Delikatesy Paleo",,,,/sklepy/delikatesy-paleo/gazetka,""
d72c345e-57bc-4e0a-93d4-5a07e847d3db,Carrefour,,,,/sklepy/carrefour/gazetka,""
d7c0d8db-1e33-4ae1-854f-00777ba346e4,Lavard,,,,/sklepy/lavard/gazetka,""
d7c641a2-d9f8-4481-822a-0df4f527b6fb,"Mount Blanc",,,,/sklepy/mount-blanc/gazetka,""
d7e6bc3c-b041-4e98-a44b-5a377dc316f7,Torimpex,,,,/sklepy/torimpex/gazetka,""
d7ed6038-16de-455e-86f2-d2b89c5f325f,"Minuta 8",,,,/sklepy/minuta-8/gazetka,""
d813a25e-daa9-413b-bc59-b2ddccd7e59b,"Massimo Dutti",,,,/sklepy/massimo-dutti/gazetka,""
d8153251-1eeb-4275-9b03-4abb03de3bcd,Al.Capone,,,,/sklepy/al-capone/gazetka,""
d87e5b50-0c1f-48b9-ac3a-bbecc8ef324f,Amtra,,,,/sklepy/amtra/gazetka,""
d8885f1a-a7a6-48ec-9264-231c66dfc2be,Amazon,,,,/sklepy/amazon/gazetka,""
d8969f78-b4b1-402c-aa36-317abc40ef7e,"Mömax",,,,/sklepy/momax/gazetka,""
d89f7a25-b866-4ed7-bd16-deadd50d29fa,"Cholewiński",,,,/sklepy/cholewiyski/gazetka,""
d8a53e1a-1ba9-4a70-b045-ccbafd208218,"Piekarnia Otrębusy",,,,/sklepy/piekarnia-otrybusy/gazetka,""
d8d9ea76-06c2-4b91-8ef3-dfe7c732ce18,"Twoje Soczewki",,,,/sklepy/twoje-soczewki/gazetka,""
d8fa968b-96fa-4a6b-af48-64837899673c,Apis,,,,/sklepy/apis/gazetka,""
d9021352-86ea-4dbf-9514-d21c00475156,"Laura Ashley",,,,/sklepy/laura-ashley/gazetka,""
d9a8a280-60d5-475e-93a1-8ecbaa825506,"Jacqueline Riu",,,,/sklepy/jacqueline-riu/gazetka,""
d9c4fced-ce16-40f8-aea3-87481dc67268,Sephora,,,,/sklepy/sephora/gazetka,""
d9d8348e-d2e3-4e55-ba40-c2b23bb838f5,"Materace dla Ciebie",,,,/sklepy/materace-dla-ciebie/gazetka,""
da58a2bf-c8d5-49d6-9588-a301276de50e,"Specjał",,,,/sklepy/specjal/gazetka,""
da666400-0ae8-4925-8748-8311a23e7c61,"Minty dot",,,,/sklepy/minty-dot/gazetka,""
dab0acec-b7da-4d29-a232-a5e1e97a842d,"Wólczanka",,,,/sklepy/wolczanka/gazetka,""
db13ff49-6e2e-4b33-b205-44e4fff9a9e8,"Centrum Wina",,,,/sklepy/centrum-wina/gazetka,""
db1b8d04-5570-45e9-8902-6159572749fc,"Centrum Lider",,,,/sklepy/centrum-lider/gazetka,""
dbca8620-ed6f-42c7-baf9-e85946c6e6e3,"Grecos Holiday",,,,/sklepy/grecos-holiday/gazetka,""
dc6cf77c-5baf-4b28-bc35-603a667cc2ef,Stiga,,,,/sklepy/stiga/gazetka,""
dcd87e9f-cce8-4fc3-a2ac-9b06638d0ce9,"Olimp Restauracje",,,,/sklepy/olimp-restauracje/gazetka,""
dcec1f54-3018-4726-aaaf-bfb21ba69f45,SklepDlaCiebie.pl,,,,/sklepy/sklepdlaciebie-pl/gazetka,""
dd06dc49-8a4f-4092-aa2e-0cb83b9cb70f,"Emka Meble",,,,/sklepy/emka-meble/gazetka,""
dd45d7b9-2a02-4610-abee-4583091d8411,Kosmeteria,,,,/sklepy/kosmeteria/gazetka,""
dda48fd5-24f4-4655-bbbe-0dff338d2068,Asics,,,,/sklepy/asics/gazetka,""
ddad5bb1-5ec9-46d9-b2f5-a42a0a6161b4,Ekskluzywna.pl,,,,/sklepy/ekskluzywna-pl/gazetka,""
ddb9d8ff-c18a-48e2-8d95-e4ad26f54b5e,"Stylowe Buty",,,,/sklepy/stylowe-buty/gazetka,""
ddf48384-d867-4d7b-b827-0a6ceca94a83,"Lara Fabio",,,,/sklepy/lara-fabio/gazetka,""
de1b5790-edeb-4fd7-9bdb-372d46326e9a,Decathlon,,,,/sklepy/decathlon/gazetka,""
de3ea13d-28f3-49ae-bb2a-cab7d1ac334a,T-Bike,,,,/sklepy/t-bike/gazetka,""
de9ffd13-0cc8-46e4-8a50-6a648371febc,Jubitom,,,,/sklepy/jubitom/gazetka,""
ded3bb49-27be-4d56-bdb3-24feefc95b5d,"Market Jan",,,,/sklepy/market-jan/gazetka,""
df258232-032f-4aaa-bfd0-d5410c39cb2a,Pokusa,,,,/sklepy/pokusa/gazetka,""
df3dd2ab-e132-4041-9961-d80cb7b3a2ba,Active,,,,/sklepy/active/gazetka,""
df943059-2f99-42bc-a566-b10194a3f569,Skrzat,,,,/sklepy/skrzat/gazetka,""
dfbf5bfd-7c09-4720-8d62-7c12a1b310ae,Norauto,,,,/sklepy/norauto/gazetka,""
e05fda91-0b86-446c-8537-f98c487d84f9,"Max Mara",,,,/sklepy/max-mara/gazetka,""
e06b413a-5205-4b83-94e1-6e9cde06fafb,Mila,,,,/sklepy/mila/gazetka,""
e156ca62-dcb0-4023-9f49-32f10904ea14,Axami,,,,/sklepy/axami/gazetka,""
e1d3e0e3-196d-4c76-a62d-476b0f7dd9ef,"North Fish",,,,/sklepy/north-fish/gazetka,""
e1f5fa14-6555-445d-a936-c96e13373a2c,KupButy.com,,,,/sklepy/kupbuty-com/gazetka,""
e1fcb625-4161-418b-a703-a66f2c715375,Horyzont,,,,/sklepy/horyzont/gazetka,""
e20ff1cc-8d9f-4c58-9c9c-6f89b46aba87,"Biga Styl",,,,/sklepy/biga-styl/gazetka,""
e2135942-169a-425b-a748-90cef5df47ab,"Galeria Mokotów",,,,/sklepy/galeria-mokotow/gazetka,""
e220c995-a674-4f4c-b8f3-c8111189f013,"KatalogMarzeń",,,,/sklepy/katalogmarzen/gazetka,""
e256fdd6-3083-4d84-a5a7-f762d1d35eaf,"Twój STYL",,,,/sklepy/twoj-styl/gazetka,""
e27daaba-bf74-4043-9ab4-9044b5e6e5c0,Celma,,,,/sklepy/celma/gazetka,""
e2f2332e-15e0-4274-a282-dbbcdccefa42,"Best Reisen",,,,/sklepy/best-reisen/gazetka,""
e317e423-55e3-45fa-9e16-040f422e58f3,Abra,,,,/sklepy/abra/gazetka,""
e34ad686-d0bf-49a2-94a4-1d3cc758715f,Denique,,,,/sklepy/denique/gazetka,""
e364e7de-935d-4a04-b87d-816eb7f42aad,Sportofino,,,,/sklepy/sportofino/gazetka,""
e36789de-777d-49b7-969b-0f518ebb2339,Opel,,,,/sklepy/opel/gazetka,""
e38c9dcf-e212-4681-9671-2b3929093a10,Leopardus,,,,/sklepy/leopardus/gazetka,""
e39044c4-f043-45ee-9b66-1cb07be5964c,Gatta,,,,/sklepy/gatta/gazetka,""
e3e094d9-d5f8-468b-9f2d-dcf6e3f5b617,Hitpol,,,,/sklepy/hitpol/gazetka,""
e3eead39-ddf4-49a2-aecc-ec1d7ecc8640,Hexeline,,,,/sklepy/hexeline/gazetka,""
e417fc01-c6b9-49c7-b43e-0e05c45b6463,Avocado,,,,/sklepy/avocado/gazetka,""
e427ed54-ac75-42db-b971-53fd4603212a,Neckermann,,,,/sklepy/neckermann/gazetka,""
e43b82d2-4259-42f5-ae5d-7dd22f4ec0ca,Juka.pl,,,,/sklepy/juka-pl/gazetka,""
e45dd3ed-3111-4c96-a653-5cdb140d0a2b,3W,,,,/sklepy/3w/gazetka,""
e463e297-64f3-4c15-a92e-a62c9d30a7c3,KUBOTA,,,,/sklepy/kubota/gazetka,""
e4a77d81-4e34-44a3-9f5e-36087933e95f,"AB FOTO",,,,/sklepy/ab-foto/gazetka,""
e5619af9-f142-4019-a8e4-7ae6cae63d4a,"Delikatesy Piotruś Pan",,,,/sklepy/delikatesy-piotruy-pan/gazetka,""
e56cfe3c-c041-472b-a3b2-5c2a9f4cba07,"CMP Centrum Medyczne",,,,/sklepy/cmp-centrum-medyczne/gazetka,""
e588102d-cc76-4fba-ab8d-f55d3e170749,Desigual,,,,/sklepy/desigual/gazetka,""
e5bb49a2-15b3-4636-9514-44197999d9e5,"Rage Age",,,,/sklepy/rage-age/gazetka,""
e5fb67c9-6771-49c2-b920-f8d8308c5d4f,Halmar,,,,/sklepy/halmar/gazetka,""
e612c96b-5dc8-46da-8494-7a51a0592f36,Primus,,,,/sklepy/primus/gazetka,""
e614337b-fb98-4fce-9c7c-5b435b908c72,Vica,,,,/sklepy/vica/gazetka,""
e69ba532-cef6-4e80-9700-d50d91cccfe8,Topaz,,,,/sklepy/topaz/gazetka,""
e6d9d00f-9935-44da-8acc-3090100622f8,TIM,,,,/sklepy/tim/gazetka,""
e6e02f86-f0f5-4533-8e5f-242bee0fffe5,Robert,,,,/sklepy/robert/gazetka,""
e6e7c144-9e75-42cb-ac2d-d9da11e2489a,Lee,,,,/sklepy/lee/gazetka,""
e6fb9bb5-7406-41c1-ad8f-2ec656422e05,Wafelek,,,,/sklepy/wafelek/gazetka,""
e72dc513-b8fd-4a3f-9009-23dd2b947664,Agroma,,,,/sklepy/agroma/gazetka,""
e77bcbdf-a87c-4059-9e42-90155ebf4f10,"Tally Weijl",,,,/sklepy/tally-weijl/gazetka,""
e7998553-bf15-4152-876e-57ca54eae138,ekobieca.pl,,,,/sklepy/ekobieca-pl/gazetka,""
e7a38a25-edfa-4953-ab17-7649150ce308,Oponeo,,,,/sklepy/oponeo/gazetka,""
e80a8856-f76d-4147-9a38-c12303b5f154,"Pretty One",,,,/sklepy/pretty-one/gazetka,""
e819188c-9307-473b-95ef-fb0873ab80ce,Riff,,,,/sklepy/riff/gazetka,""
e83043f1-c03d-4fc7-883f-c32f3ac7d556,"Martin Tour",,,,/sklepy/martin-tour/gazetka,""
e84ca6b3-9e07-40e5-a8e8-3eb789ac2db6,EuroSPAR,,,,/sklepy/eurospar/gazetka,""
e8813e6c-89e2-4b54-ae9a-ad0e3ca505c9,"Prima Holiday",,,,/sklepy/prima-holiday/gazetka,""
e8e2c9cb-52f0-4063-9ecf-51aab420c34d,LOTOS,,,,/sklepy/lotos/gazetka,""
e8eb0305-adef-483b-beb5-b4383f12f3b1,Badura,,,,/sklepy/badura/gazetka,""
e908bd02-0082-4e71-91b2-6c388b3658f9,"Zoo Mar",,,,/sklepy/zoo-mar/gazetka,""
e91fb0ed-d74d-4842-8e19-80f29bfdb438,Kamrat,,,,/sklepy/kamrat/gazetka,""
e9905f1e-387b-41b5-a0d7-e62df92eee96,Nissan,,,,/sklepy/nissan/gazetka,""
ea54de3f-0f82-41e9-9a4f-af7a8c04f903,Intimo4You,,,,/sklepy/intimo4you/gazetka,""
ea6d1d64-5b2a-426a-8ac4-abd71f5c979f,Zina,,,,/sklepy/zina/gazetka,""
ea81611c-eefa-4d32-af68-89b60a7a3ee8,Kurasiak,,,,/sklepy/kurasiak/gazetka,""
eaa1e23e-e225-41e5-a361-3e7565b86f7a,POCO,,,,/sklepy/poco/gazetka,""
eb176d2d-66b2-4f82-aab4-5dd547f1d022,Cornette,,,,/sklepy/cornette/gazetka,""
eb1b73b3-dc84-4e27-a88c-4c6b865fca8d,"Market Point",,,,/sklepy/market-point/gazetka,""
eb1c4ebf-04b1-414e-be8e-4345f0b0bcc9,"My Shop",,,,/sklepy/my-shop/gazetka,""
eb8de968-446c-4cf1-a2cb-dae77a4c8a65,"Wygoda Travel",,,,/sklepy/wygoda-travel/gazetka,""
ebbfe237-f91f-49da-ab2a-2f9f80712a51,Ziaja,,,,/sklepy/ziaja/gazetka,""
ebe47516-3d43-44cc-9eb8-261c227af6ee,"Świat Zabawek",,,,/sklepy/ywiat-zabawek/gazetka,""
ebf8f638-856c-4f68-90d1-3e52d7a13ec0,"Cukiernia Kandulski",,,,/sklepy/cukiernia-kandulski/gazetka,""
ec362820-1573-449e-9b56-4577d5db51d6,T-Mobile,,,,/sklepy/t-mobile/gazetka,""
ec8c4889-8629-4338-96da-337bce58c044,Samsonite,,,,/sklepy/samsonite/gazetka,""
ecf40afe-d631-4045-8e28-627f17c3fa9b,Albione,,,,/sklepy/albione/gazetka,""
ecfa8aaa-a257-460a-991a-52359bd088c9,Agness,,,,/sklepy/agness/gazetka,""
ed3ae2f0-c043-4260-9198-775329916665,Kastor,,,,/sklepy/kastor/gazetka,""
ed4fc9b5-d89f-40de-8736-9c21e9b778c6,Taranko,,,,/sklepy/taranko/gazetka,""
ed5a0b6c-3e21-408f-acbf-56bee2485edc,Tara,,,,/sklepy/tara/gazetka,""
ed9e3bd4-c60a-4acb-8499-3da8f98a3bdd,Tatuum,,,,/sklepy/tatuum/gazetka,""
edba14c0-d7ef-4d17-ba27-93ac4cfa1752,Bat,,,,/sklepy/bat/gazetka,""
edcaf81d-ff1a-4a12-b872-04b7a3ba678b,Vistula,,,,/sklepy/vistula/gazetka,""
edd0cfd6-affb-4629-bdda-d62e9c24910e,iApteka1,,,,/sklepy/iapteka1/gazetka,""
edeb9993-9d7c-4aac-92ee-1b8261964c3a,Muve,,,,/sklepy/muve/gazetka,""
edec9a15-8c81-469e-a1b0-a10d50221ae0,Parfois,,,,/sklepy/parfois/gazetka,""
ee224107-9b32-4837-9324-5f4c1a327f67,Seat,,,,/sklepy/seat/gazetka,""
ee83132c-3cc5-4108-9289-3fa2cd927b4e,Dalia,,,,/sklepy/dalia/gazetka,""
ee8cf3bb-13d9-4830-93f2-34807ad066c7,Unimet,,,,/sklepy/unimet/gazetka,""
ef37fda7-8807-49ae-9e19-dd64c3c18988,"Pożegnanie z Afryką",,,,/sklepy/poyegnanie-z-afryky/gazetka,""
ef5b890a-9ec5-461b-87ed-856584c84fe9,"Office Shoes",,,,/sklepy/office-shoes/gazetka,""
ef91a79a-9934-4f29-b7a9-3e7d53b074ae,"B&amp;J Jarzębińscy",,,,/sklepy/b-j-jarzybiyscy/gazetka,""
effdb9ce-5e4d-4a58-bc74-6cccd96546af,Sphinx,,,,/sklepy/sphinx/gazetka,""
f0d93aed-f938-4226-ad94-c1581f98fd54,"Twój Market",,,,/sklepy/twoj-market/gazetka,""
f1393841-30ad-4cf8-b38f-4e7b2613f32e,Vans,,,,/sklepy/vans/gazetka,""
f13bf255-f833-4b6a-9966-3a18ca77c663,Femestage,,,,/sklepy/femestage/gazetka,""
f146c08b-68eb-4583-a964-6ec383279940,Trefl,,,,/sklepy/trefl/gazetka,""
f18d978e-ae02-4560-9c71-70d837e704c6,"Raiffeisen Polbank",,,,/sklepy/raiffeisen-polbank/gazetka,""
f1ba3a44-edf1-4902-9209-74a0e93a3ca7,Douglas,,,,/sklepy/douglas/gazetka,""
f1ea26de-2c6f-4801-9f30-179795219864,"Coral Travel",,,,/sklepy/coral-travel/gazetka,""
f215b7fc-d1a4-4b1b-8eef-9649c2f5efb5,"Domino&#039;s Pizza",,,,/sklepy/pizza-dominos/gazetka,""
f27f56e4-b6e3-49ca-8eec-423059e2a507,Lacoste,,,,/sklepy/lacoste/gazetka,""
f3575a5d-2162-49d9-8359-634d43a680d3,"Click fashion",,,,/sklepy/click-fashion/gazetka,""
f3b5ffaf-a450-45b5-9093-3956ec0f6a75,Balta,,,,/sklepy/balta/gazetka,""
f3c1a448-40ae-49c7-8af5-66af7406a07b,Kari,,,,/sklepy/kari/gazetka,""
f3de4d34-3462-4c28-ab5b-b516857ac1e6,"Burger King",,,,/sklepy/burger-king/gazetka,""
f3fa0c02-d838-4b3f-88af-6e412591c07e,"Wędliny z Borów",,,,/sklepy/wedliny-z-borow/gazetka,""
f4046972-c268-4dbc-9629-0c9dbe2ae4b5,Groupon,,,,/sklepy/groupon/gazetka,""
f48ebfcc-b137-4f1f-9504-f09caac74574,Giacomo,,,,/sklepy/giacomo/gazetka,""
f4d52f99-9c7b-4918-ad18-588fad17edb3,Makar,,,,/sklepy/makar/gazetka,""
f4e56584-7bc7-422f-8cac-355bcbe1fc3a,Guess,,,,/sklepy/guess/gazetka,""
f51c051f-ccec-401d-844b-00c7ccd1ff0c,"Golden Rose",,,,/sklepy/golden-rose/gazetka,""
f528e3a5-05c1-4ae5-98b0-0ff63d1bb1f2,Cropp,,,,/sklepy/cropp/gazetka,""
f52eb67b-9013-4abc-8369-6f3fb6cb5e8e,Mercedes-Benz,,,,/sklepy/mercedes-benz/gazetka,""
f53ffc8e-2596-4405-aeae-3092e0f57701,"Franco Feruzzi",,,,/sklepy/franco-feruzzi/gazetka,""
f5ae9992-66ef-4794-8a77-e4fcc45808a8,"Luna Polska",,,,/sklepy/luna-polska/gazetka,""
f5ca0bfd-c0b5-4a51-a742-95771b8cac03,"Liu Jo",,,,/sklepy/liu-jo/gazetka,""
f5cf8b0f-d40b-43a8-ab3a-eb3868cb8c6a,Aligator,,,,/sklepy/aligator/gazetka,""
f5eff903-8f16-4777-add1-face13ad4085,Apart,,,,/sklepy/apart/gazetka,""
f637af7a-db3b-4760-b722-15e0584bfee3,Red,,,,/sklepy/red/gazetka,""
f666793f-3fc5-47f3-883b-fc92abf9b766,"Bank Pocztowy",,,,/sklepy/bank-pocztowy/gazetka,""
f681156d-f20b-437f-98a0-3c57e99428b0,"Western Union",,,,/sklepy/western-union/gazetka,""
f709ff5f-3cef-4af8-ac7a-0c5715ecad69,Natuzzi,,,,/sklepy/natuzzi/gazetka,""
f72d713b-ef1d-47ec-b40e-5a4c9402642a,"Kwiatowy Ogród",,,,/sklepy/kwiatowy-ogrod/gazetka,""
f7309218-54a6-45d5-be8b-f13501d74d03,Restol,,,,/sklepy/restol/gazetka,""
f77fc95f-1ea3-45b3-8df4-794084d5169f,"Gapa Fashion",,,,/sklepy/gapa-fashion/gazetka,""
f7a035e2-63cc-4762-b0f9-9429388e2aee,KULIG,,,,/sklepy/kulig/gazetka,""
f82275d4-7e33-47a8-99a2-0145bb0add71,"Bazaar sklep",,,,/sklepy/bazaar-sklep/gazetka,""
f85d2f62-bbca-4c78-8b8b-e5f8c96d7b9a,"Groupe Atlantic Polska",,,,/sklepy/groupe-atlantic-polska/gazetka,""
f8934d91-4299-49d7-a545-70fb7fe961bb,Hi-Tec,,,,/sklepy/hi-tec/gazetka,""
f8e37694-d1e8-4709-958d-21b0eeef7c59,4kidspoint,,,,/sklepy/4kidspoint/gazetka,""
f8e8163d-aaf1-4166-906c-89296bfd9457,Karen,,,,/sklepy/karen/gazetka,""
f907af7c-c22b-4cf7-94ed-497715a95b89,"FREE NOW",,,,/sklepy/free-now/gazetka,""
f95c520b-d66b-463b-9d2b-963fd4030f58,Intershoe,,,,/sklepy/intershoe/gazetka,""
f9702a5c-bb76-4382-b181-1f46f3e7e92e,"Top Market",,,,/sklepy/top-market/gazetka,""
f99c8f5f-85ea-47e8-858f-5f99ebcd66ad,Virtualo,,,,/sklepy/virtualo/gazetka,""
fa088b3f-eb27-45e4-8ac8-e232d9be99e8,Chantelle,,,,/sklepy/chantelle/gazetka,""
fa17b166-2ce6-4b0d-93b2-8375e8ffd853,Next,,,,/sklepy/next/gazetka,""
fa19eb98-6632-4814-9457-1380c049f66a,x-kom,,,,/sklepy/x-kom/gazetka,""
fa509418-303c-4597-b120-1b563487985f,Olewnik,,,,/sklepy/olewnik/gazetka,""
fa7547f8-c023-4bb2-bff1-497ecb3d79d2,"Nowa Farmacja",,,,/sklepy/nowa-farmacja/gazetka,""
fb099a94-0d3d-48eb-8e51-d943c507e00e,Triumph,,,,/sklepy/triumph/gazetka,""
fb422b63-7104-4498-a16f-00f35e7ffca5,Lindex,,,,/sklepy/lindex/gazetka,""
fb4451e1-99c9-4712-91d4-52933ba6e440,"Rip Curl",,,,/sklepy/rip-curl/gazetka,""
fb691c6e-b1f5-41e9-af1e-bcc8f1ddbe8b,Timberland,,,,/sklepy/timberland/gazetka,""
fba0aefd-f85d-440f-8ca4-a448f7974e6b,"Western Chicken",,,,/sklepy/western-chicken/gazetka,""
fba5f779-3f01-4db2-ae63-59a5a4571573,Multikino,,,,/sklepy/multikino/gazetka,""
fbc8da2a-70bd-4eec-8d7a-99297e2637ef,"Atlas Tours",,,,/sklepy/atlas-tours/gazetka,""
fbeb7511-6bdc-4327-ad90-5d27b3c48a99,Worldbox,,,,/sklepy/worldbox/gazetka,""
fc1da1e7-6f8f-43f4-8e81-a61798021530,Lambre,,,,/sklepy/lambre/gazetka,""
fc5166cd-b8a2-4703-aa82-3bf8b268d241,"Forte Meble",,,,/sklepy/forte-meble/gazetka,""
fca920fc-fc79-42c8-8f42-186c5d891e65,"Malibu Alkohole",,,,/sklepy/malibu-alkohole/gazetka,""
fcd6d694-525d-4d40-a96c-d9d6ca8a6a26,"Wiśniowski",,,,/sklepy/wiyniowski/gazetka,""
fcef5c15-1274-453d-93c9-7b9d326594e0,"Black Red White",,,,/sklepy/black-red-white/gazetka,""
fcfb4765-5db1-4109-9808-377d4683188e,Orsay,,,,/sklepy/orsay/gazetka,""
fd00a2b6-c07e-4a56-8661-e2778df1f94b,Supermobi.pl,,,,/sklepy/supermobi-pl/gazetka,""
fd362fe2-3dcc-4ca8-96cb-c4f77618b202,Almatur,,,,/sklepy/almatur/gazetka,""
fd42872a-5017-4e6c-a1b2-471e725e70d2,"Wójcik",,,,/sklepy/wojcik/gazetka,""
fd78264f-10b3-4772-8807-4ef0fb8465f9,"Nasz Sklep",,,,/sklepy/nasz-sklep/gazetka,""
fdac758d-5a8c-4641-b9ef-45031b6b3094,"La Redoute",,,,/sklepy/la-redoute/gazetka,""
fdd4d72d-18c6-4c3b-9c4f-52f9b28bf521,"Potęga Tradycji",,,,/sklepy/potyga-tradycji/gazetka,""
fe21fe1a-9453-43e7-9b80-380e388f13af,Olsen,,,,/sklepy/olsen/gazetka,""
fe5c3b4e-3448-419f-ace5-a86938e6d3b4,"Świat Prasy",,,,/sklepy/ywiat-prasy/gazetka,""
ff0bde6f-b301-45bf-ac25-9d6adf1cce3e,"Pull &amp; Bear",,,,/sklepy/pull-bear/gazetka,""
ff6e6932-ef5e-43cf-8931-b2d93d5015e5,AT,,,,/sklepy/at/gazetka,""
ff8bd4b5-95f7-4679-a38b-cc5ade4be128,Mohito,,,,/sklepy/mohito/gazetka,""
ffd2fb09-e94e-4ed5-a257-1c2700c8d407,Eurocash,,,,/sklepy/eurocash/gazetka,""
ffeb9b24-b792-49ca-bad7-76d7805553e1,Bonna,,,,/sklepy/bonna/gazetka,""
